,X,Y,2002_CENSU,PROJ_POP_J,Urban,DISTRICT,VILLAGE,SOURCE_NA,FUND_AGENC,YEAR_CONST,SOURCE_TYP,OWNER_TYPE,DEPTH,SWL,YIELD,RECEIVED_N,RECEIVED_E,CONTRACTOR,Y_UT200,FTYPE,DTW,DEPTH_clean,uid,pred
34,33.075,3.21100308929,13027,16490,0,2,424,97,8,115,0,4,82,33.9,0.7,510933.0,351724.0,20,551724,3.0,16.0,82,34,7
44,33.075,3.21100308929,13027,16490,0,2,58,412,58,113,0,99999,51.85,99999,0.5,510782.0,354813.0,0,554813,3.0,16.0,51.85,44,7
70,33.125,3.11100308929,21045,28055,0,4,458,440,31,117,1,4,45,13.56,2,511966.0,346208.0,17,546208,3.0,3.5,45,70,7
83,33.175,3.1610030892900003,19953,26599,0,4,99999,99999,99999,99999,0,99999,99999,99999,99999,0.0,0.0,0,549465,3.0,3.5,99999,98,1
129,33.075,3.2610030892900004,13027,16490,0,2,190,826,31,113,3,99999,99999,99999,99999,506843.0,361161.0,0,561161,3.0,3.5,99999,144,7
150,33.075,3.2610030892900004,13027,16490,0,2,190,95,58,113,0,99999,66.77,99999,2,506639.0,361459.0,0,561459,3.0,3.5,66.77,165,7
151,33.075,3.31100308929,16570,20975,0,2,190,95,58,113,0,99999,66.77,99999,2,506639.0,361459.0,0,561459,3.0,3.5,66.77,166,7
247,33.025,3.21100308929,13027,16490,0,2,562,99999,99999,198,0,4,99999,99999,99999,356210.0,503937.0,0,556210,3.0,16.0,99999,268,5
248,33.075,3.21100308929,13027,16490,0,2,562,99999,99999,198,0,4,99999,99999,99999,356210.0,503937.0,0,556210,3.0,16.0,99999,269,5
249,33.025,3.2610030892900004,11666,14767,0,2,562,99999,99999,198,0,4,99999,99999,99999,356210.0,503937.0,0,556210,3.0,16.0,99999,270,11
250,33.025,3.21100308929,13027,16490,0,2,551,99999,99999,99999,0,4,99999,99999,99999,359153.0,502168.0,1,559153,3.0,16.0,99999,271,5
251,32.975,3.2610030892900004,11666,14767,0,2,551,99999,99999,99999,0,4,99999,99999,99999,359153.0,502168.0,1,559153,3.0,16.0,99999,272,11
252,33.025,3.2610030892900004,11666,14767,0,2,551,99999,99999,99999,0,4,99999,99999,99999,359153.0,502168.0,1,559153,3.0,16.0,99999,273,11
263,33.025,2.5110030892900004,12353,15020,0,4,99999,99999,99999,99999,0,99999,99999,99999,99999,0.0,0.0,0,481475,3.0,3.5,99999,284,1
341,33.075,3.31100308929,16570,20975,0,2,116,99,8,117,0,4,67,38,0.7,509094.0,370714.0,6,570714,3.0,3.5,67,362,7
347,33.175,3.31100308929,16570,20975,0,2,635,99999,99999,66,0,99999,99999,99999,99999,360892.0,521255.0,0,560892,3.0,3.5,99999,368,7
348,33.175,3.2610030892900004,16570,20975,0,2,635,99999,99999,66,0,99999,99999,99999,99999,360892.0,521255.0,0,560892,3.0,16.0,99999,369,7
349,33.225,3.2610030892900004,16570,20975,0,2,635,99999,99999,66,0,99999,99999,99999,99999,360892.0,521255.0,0,560892,3.0,3.5,99999,370,7
400,33.225,3.31100308929,16570,20975,0,2,387,99999,99999,99999,99999,4,99999,99999,99999,361619.0,523849.0,19,561619,3.0,16.0,99999,421,11
401,33.175,3.2610030892900004,16570,20975,0,2,387,99999,99999,99999,99999,4,99999,99999,99999,361619.0,523849.0,19,561619,3.0,16.0,99999,422,11
402,33.225,3.2610030892900004,16570,20975,0,2,387,99999,99999,99999,99999,4,99999,99999,99999,361619.0,523849.0,19,561619,3.0,3.5,99999,423,11
406,33.275,3.31100308929,14103,17852,0,2,173,133,82,116,0,4,99999,99999,99999,527762.0,362001.0,1,562001,3.0,3.5,99999,427,1
451,33.025,2.56100308929,14396,19191,0,4,99999,99999,99999,99999,0,99999,99999,99999,99999,0.0,0.0,0,482382,3.0,3.5,99999,472,1
465,33.375,3.21100308929,20843,27786,0,4,99999,99999,99999,99999,0,99999,99999,99999,99999,0.0,0.0,0,552686,3.0,3.5,99999,486,1
496,33.375,3.2610030892900004,20843,27786,0,4,99999,99999,99999,99999,0,99999,99999,99999,99999,0.0,0.0,0,558114,3.0,3.5,99999,517,1
528,33.425,3.1610030892900003,20843,27786,0,4,99999,99999,99999,99999,0,99999,99999,99999,99999,0.0,0.0,0,553489,3.0,3.5,99999,560,1
540,33.475,3.1610030892900003,20843,27786,0,4,99999,99999,99999,99999,0,99999,99999,99999,99999,0.0,0.0,0,553497,3.0,16.0,99999,572,1
620,33.475,3.1610030892900003,20843,27786,0,4,99999,99999,99999,99999,0,99999,99999,99999,99999,0.0,0.0,0,553118,3.0,16.0,99999,716,1
652,33.425,3.06100308929,20843,27786,0,4,99999,99999,99999,99999,0,99999,99999,99999,99999,0.0,0.0,0,536915,3.0,16.0,99999,751,1
653,33.375,3.06100308929,21936,29243,0,4,99999,99999,99999,99999,0,99999,99999,99999,99999,0.0,0.0,0,536915,3.0,16.0,99999,752,1
654,33.375,3.0110030892900004,21936,29243,0,4,99999,99999,99999,99999,0,99999,99999,99999,99999,0.0,0.0,0,536915,3.0,16.0,99999,753,1
668,33.375,3.0110030892900004,21936,29243,0,4,99999,99999,99999,99999,0,99999,99999,99999,99999,0.0,0.0,0,537104,3.0,16.0,99999,767,1
745,33.425,3.11100308929,20843,27786,0,4,99999,99999,99999,99999,0,99999,99999,99999,99999,0.0,0.0,0,544755,3.0,16.0,99999,846,1
771,33.425,3.1610030892900003,20843,27786,0,4,99999,99999,99999,99999,0,99999,99999,99999,99999,0.0,0.0,0,548011,3.0,3.5,99999,872,1
778,33.375,3.11100308929,21936,29243,0,4,99999,99999,99999,99999,0,99999,99999,99999,99999,0.0,0.0,0,544805,3.0,16.0,99999,879,1
917,33.425,2.6610030892900003,29814,39745,0,4,99999,99999,99999,99999,0,99999,99999,99999,99999,0.0,0.0,0,489853,3.0,3.5,99999,1049,1
949,33.525,2.6610030892900003,12029,20771,0,4,99999,99999,99999,99999,0,99999,99999,99999,99999,0.0,0.0,0,496876,3.0,3.5,99999,1084,1
982,31.875,2.61100308929,6641,7846,0,0,271,293,86,0,2,27,99999,99999,99999,0.0,0.0,0,487680,3.0,3.5,99999,1117,7
1012,31.775,2.56100308929,6641,7846,0,0,99999,1023,4,111,2,1,99999,99999,99999,0.0,0.0,0,482407,3.0,3.5,99999,1147,1
1048,31.875,2.5110030892900004,6641,7846,0,0,181,99999,30,111,2,1,99999,99999,99999,0.0,0.0,0,481955,3.0,16.0,99999,1183,1
1105,31.975,2.6610030892900003,13222,15621,0,0,227,99999,7,114,2,1,99999,99999,99999,0.0,0.0,0,491055,3.0,3.5,99999,1240,1
1137,31.975,2.56100308929,12597,14883,0,0,811,754,65,85,2,27,99999,99999,99999,0.0,0.0,0,486994,3.0,16.0,99999,1272,1
1143,32.125,2.6610030892900003,8550,10101,0,99999,426,99999,99999,99999,2,99999,99999,99999,99999,0.0,0.0,0,0,3.0,16.0,99999,1278,7
1146,32.075,2.6610030892900003,8550,10101,0,99999,426,99999,99999,99999,2,99999,99999,99999,99999,0.0,0.0,0,0,3.0,3.5,99999,1281,7
1157,32.175,2.61100308929,8550,10101,0,0,7,916,99999,113,7,1,99999,99999,99999,0.0,0.0,0,487940,3.0,16.0,99999,1295,7
1222,32.225,2.6610030892900003,14360,16966,0,1,237,99999,99999,99999,5,99999,99999,99999,99999,0.0,0.0,0,491929,3.0,16.0,99999,1360,7
1229,32.175,2.56100308929,8550,10101,0,0,0,921,6,108,5,1,99999,99999,99999,0.0,0.0,0,486397,3.0,3.5,99999,1367,1
1239,32.225,2.61100308929,8550,10101,0,1,924,950,92,117,7,4,99999,99999,99999,0.0,0.0,0,488697,3.0,16.0,99999,1377,1
1240,32.275,2.61100308929,16720,19754,0,1,924,950,92,117,7,4,99999,99999,99999,0.0,0.0,0,488697,3.0,16.0,99999,1378,1
1242,32.275,2.6610030892900003,14360,16966,0,1,290,313,92,110,2,4,99999,99999,99999,0.0,0.0,0,490262,3.0,3.5,99999,1380,1
1249,32.225,2.56100308929,8550,10101,0,0,269,814,99999,109,0,1,99999,99999,99999,0.0,0.0,0,483766,3.0,3.5,99999,1387,7
1252,32.225,2.56100308929,8550,10101,0,0,269,291,7,114,0,21,99999,99999,99999,0.0,0.0,0,483896,3.0,3.5,99999,1390,1
1269,32.025,2.56100308929,8550,10101,0,0,284,610,3,109,5,1,99999,99999,99999,0.0,0.0,0,482558,3.0,3.5,99999,1411,1
1270,31.975,2.56100308929,12597,14883,0,0,284,610,3,109,5,1,99999,99999,99999,0.0,0.0,0,482558,3.0,16.0,99999,1412,1
1271,31.975,2.5110030892900004,12597,14883,0,0,284,610,3,109,5,1,99999,99999,99999,0.0,0.0,0,482558,3.0,16.0,99999,1413,1
1276,32.225,2.56100308929,8550,10101,0,0,270,99999,99999,99999,0,99999,99999,99999,99999,0.0,0.0,0,481884,3.0,3.5,99999,1418,7
1287,32.025,2.6610030892900003,8550,10101,0,0,594,676,40,93,2,9,99999,99999,99999,0.0,0.0,0,497072,3.0,3.5,99999,1429,7
1325,32.225,2.5110030892900004,8550,10101,0,0,771,99999,99999,99999,0,99999,99999,99999,99999,0.0,0.0,0,477563,3.0,16.0,99999,1467,7
1357,32.425,2.5110030892900004,16720,19754,0,1,886,99999,99999,99999,0,99999,99999,99999,99999,0.0,0.0,0,475825,3.0,3.5,99999,1499,7
1391,31.775,2.96100308929,28969,34226,0,0,110,99999,3,115,2,1,99999,99999,99999,0.0,0.0,0,531768,1.0,3.5,99999,1533,1
1392,31.775,3.0110030892900004,36084,52136,0,0,110,99999,3,115,2,1,99999,99999,99999,0.0,0.0,0,531880,1.0,3.5,99999,1534,1
1413,32.125,3.11100308929,27013,31915,0,0,185,1016,70,114,2,1,99999,99999,99999,0.0,0.0,0,539563,3.0,3.5,99999,1555,1
1457,32.075,3.1610030892900003,42116,49758,0,0,678,99999,3,109,2,1,99999,99999,99999,0.0,0.0,0,553849,3.0,3.5,99999,1601,1
1459,32.075,3.21100308929,42116,49758,0,0,678,99999,3,109,2,1,99999,99999,99999,0.0,0.0,0,553849,3.0,3.5,99999,1603,1
1461,32.025,3.21100308929,42116,49758,0,0,678,99999,92,115,2,1,99999,99999,99999,0.0,0.0,0,554285,3.0,3.5,99999,1605,1
1466,32.075,3.0110030892900004,42116,49758,0,0,313,565,57,93,5,99999,99999,99999,99999,0.0,0.0,0,532711,3.0,16.0,99999,1610,7
1467,32.125,3.0110030892900004,42116,49758,0,0,313,565,57,93,5,99999,99999,99999,99999,0.0,0.0,0,532711,3.0,3.5,99999,1611,7
1468,32.125,2.96100308929,42116,49758,0,0,313,565,57,93,5,99999,99999,99999,99999,0.0,0.0,0,532711,3.0,3.5,99999,1612,7
1516,32.125,3.0110030892900004,42116,49758,0,0,313,673,12,89,2,9,99999,99999,99999,0.0,0.0,0,531594,3.0,3.5,99999,1660,1
1531,32.125,2.96100308929,42116,49758,0,0,313,640,70,111,2,1,99999,99999,99999,0.0,0.0,0,531800,3.0,3.5,99999,1675,1
1550,32.225,3.0110030892900004,42116,49758,0,0,729,324,86,112,2,1,99999,99999,99999,0.0,0.0,0,533487,3.0,3.5,99999,1694,1
1570,32.175,3.06100308929,27013,31915,0,0,729,681,86,113,2,27,99999,99999,99999,0.0,0.0,0,533782,3.0,3.5,99999,1714,1
1590,32.225,3.0110030892900004,42116,49758,0,1,360,99999,99999,99999,0,99999,99999,99999,99999,0.0,0.0,0,530398,3.0,3.5,99999,1734,7
1595,32.275,3.0110030892900004,8349,9864,0,1,100,99999,99999,99999,0,99999,99999,99999,99999,0.0,0.0,0,533854,3.0,3.5,99999,1739,7
1620,32.025,3.11100308929,42116,49758,0,0,731,99999,99999,110,2,1,99999,99999,99999,0.0,0.0,0,543572,3.0,3.5,99999,1764,7
1621,32.075,3.11100308929,42116,49758,0,0,731,99999,99999,110,2,1,99999,99999,99999,0.0,0.0,0,543572,3.0,3.5,99999,1765,7
1635,32.075,2.96100308929,42116,49758,0,0,95,99999,17,93,7,1,99999,99999,99999,0.0,0.0,0,522211,3.0,3.5,99999,1779,1
1636,32.025,2.9110030892900003,37625,44452,0,0,95,99999,17,93,7,1,99999,99999,99999,0.0,0.0,0,522211,3.0,3.5,99999,1780,1
1637,32.075,2.9110030892900003,37625,44452,0,0,95,99999,17,93,7,1,99999,99999,99999,0.0,0.0,0,522211,3.0,3.5,99999,1781,1
1644,32.075,2.96100308929,42116,49758,0,0,95,99999,17,93,7,1,99999,99999,99999,0.0,0.0,0,522308,3.0,3.5,99999,1788,1
1645,32.025,2.9110030892900003,37625,44452,0,0,95,99999,17,93,7,1,99999,99999,99999,0.0,0.0,0,522308,3.0,3.5,99999,1789,1
1646,32.075,2.9110030892900003,37625,44452,0,0,95,99999,17,93,7,1,99999,99999,99999,0.0,0.0,0,522308,3.0,3.5,99999,1790,1
1650,32.125,2.96100308929,42116,49758,0,0,23,410,57,88,5,1,99999,99999,99999,0.0,0.0,0,523487,3.0,3.5,99999,1794,1
1651,32.125,2.9110030892900003,37625,44452,0,0,23,410,57,88,5,1,99999,99999,99999,0.0,0.0,0,523487,3.0,3.5,99999,1795,1
1652,32.175,2.9110030892900003,37625,44452,0,0,23,410,57,88,5,1,99999,99999,99999,0.0,0.0,0,523487,3.0,3.5,99999,1796,1
1653,32.175,2.96100308929,37625,44452,0,0,23,410,57,88,5,1,99999,99999,99999,0.0,0.0,0,523487,3.0,16.0,99999,1797,1
1666,32.125,2.96100308929,42116,49758,0,0,298,205,79,112,2,1,99999,99999,99999,0.0,0.0,0,525687,3.0,3.5,99999,1810,1
1752,32.175,3.31100308929,27013,31915,0,0,541,99999,45,64,2,1,99999,99999,99999,0.0,0.0,0,567149,3.0,3.5,99999,1899,1
1793,32.325,3.1610030892900003,6609,7808,0,1,577,99999,99999,99999,0,99999,99999,99999,99999,0.0,0.0,0,548952,3.0,16.0,99999,1940,7
1795,32.325,3.1610030892900003,6609,7808,0,1,579,99999,99999,99999,0,99999,99999,99999,99999,0.0,0.0,0,549249,3.0,16.0,99999,1942,7
1824,32.175,3.2610030892900004,27013,31915,0,0,475,99999,99999,99999,0,99999,99999,99999,99999,0.0,0.0,0,560130,3.0,3.5,99999,1971,7
1894,32.275,3.0110030892900004,8349,9864,0,1,697,99999,99999,99999,0,99999,99999,99999,99999,0.0,0.0,0,532851,3.0,3.5,99999,2041,7
1962,32.325,3.0110030892900004,8349,9864,0,1,544,99999,99999,99999,8,99999,99999,99999,99999,0.0,0.0,0,536470,3.0,3.5,99999,2109,7
2082,32.275,2.96100308929,8349,9864,0,1,152,99999,99999,99999,0,99999,99999,99999,99999,0.0,0.0,0,525408,3.0,3.5,99999,2229,7
2089,32.275,2.96100308929,8349,9864,0,1,218,99999,99999,99999,0,99999,99999,99999,99999,0.0,0.0,0,523801,3.0,3.5,99999,2236,7
2139,32.375,3.06100308929,6609,7808,0,1,834,99999,99999,99999,0,99999,99999,99999,99999,0.0,0.0,0,540864,3.0,3.5,99999,2286,7
2140,32.425,3.06100308929,6609,7808,0,1,834,99999,99999,99999,0,99999,99999,99999,99999,0.0,0.0,0,540864,3.0,3.5,99999,2287,7
2141,32.375,3.11100308929,6609,7808,0,1,834,99999,99999,99999,0,99999,99999,99999,99999,0.0,0.0,0,540864,3.0,3.5,99999,2288,7
2188,32.325,3.11100308929,6609,7808,0,1,145,99999,99999,99999,0,99999,99999,99999,99999,0.0,0.0,0,544183,3.0,16.0,99999,2335,7
2207,32.375,3.11100308929,6609,7808,0,1,813,99999,99999,99999,7,99999,99999,99999,99999,0.0,0.0,0,544481,3.0,3.5,99999,2354,7
2240,32.375,3.0110030892900004,6609,7808,0,1,822,99999,99999,99999,8,99999,99999,99999,99999,0.0,0.0,0,528459,3.0,3.5,99999,2387,7
2295,32.475,2.9110030892900003,24876,29390,0,1,109,99999,99999,99999,0,99999,99999,99999,99999,0.0,0.0,0,519862,3.0,3.5,99999,2442,7
2351,32.425,3.0110030892900004,11160,13185,0,1,26,99999,99999,99999,8,99999,99999,99999,99999,0.0,0.0,0,532343,3.0,3.5,99999,2498,7
2364,32.375,2.96100308929,11160,13185,0,1,822,99999,99999,99999,8,99999,99999,99999,99999,0.0,0.0,0,528079,3.0,16.0,99999,2511,7
2379,32.625,2.9110030892900003,21923,29225,0,1,192,99999,99999,99999,0,99999,99999,99999,99999,0.0,0.0,0,521006,3.0,3.5,99999,2526,7
2387,32.725,3.06100308929,9561,12746,0,4,99999,99999,99999,99999,0,99999,99999,99999,99999,0.0,0.0,0,534619,3.0,3.5,99999,2552,1
2428,32.725,3.0110030892900004,21923,29225,0,4,99999,99999,99999,99999,0,99999,99999,99999,99999,0.0,0.0,0,534466,3.0,16.0,99999,2621,1
2456,32.825,3.0110030892900004,9561,12746,0,4,99999,99999,99999,99999,0,99999,99999,99999,99999,0.0,0.0,0,534027,3.0,3.5,99999,2673,1
2460,32.825,3.11100308929,9561,12746,0,4,99999,99999,99999,99999,0,99999,99999,99999,99999,0.0,0.0,0,540805,3.0,16.0,99999,2677,1
2469,32.825,2.9110030892900003,9561,12746,0,4,99999,99999,99999,99999,0,99999,99999,99999,99999,0.0,0.0,0,522074,3.0,16.0,99999,2686,1
2488,32.775,3.1610030892900003,9561,12746,0,4,99999,99999,99999,99999,0,99999,99999,99999,99999,0.0,0.0,0,545744,3.0,3.5,99999,2705,1
2497,32.825,3.21100308929,10663,13498,0,2,913,572,87,115,0,4,45,99999,10,484028.0,351771.0,6,551771,3.0,16.0,45,2714,7
2541,32.925,3.06100308929,19520,26022,0,4,99999,99999,99999,99999,0,99999,99999,99999,99999,0.0,0.0,0,534265,3.0,16.0,99999,2773,1
2542,32.875,3.0110030892900004,15923,21227,0,4,99999,99999,99999,99999,0,99999,99999,99999,99999,0.0,0.0,0,534265,3.0,16.0,99999,2774,1
2543,32.925,3.0110030892900004,15923,21227,0,4,99999,99999,99999,99999,0,99999,99999,99999,99999,0.0,0.0,0,534265,3.0,16.0,99999,2775,1
2544,32.925,3.06100308929,19520,26022,0,4,99999,99999,99999,99999,0,99999,99999,99999,99999,0.0,0.0,0,534390,3.0,16.0,99999,2779,1
2545,32.875,3.0110030892900004,15923,21227,0,4,99999,99999,99999,99999,0,99999,99999,99999,99999,0.0,0.0,0,534390,3.0,16.0,99999,2780,1
2546,32.925,3.0110030892900004,15923,21227,0,4,99999,99999,99999,99999,0,99999,99999,99999,99999,0.0,0.0,0,534390,3.0,16.0,99999,2781,1
2569,32.975,3.06100308929,19520,26022,0,4,99999,99999,99999,99999,0,99999,99999,99999,99999,0.0,0.0,0,537543,3.0,3.5,99999,2813,1
2570,33.025,3.06100308929,19520,26022,0,4,99999,99999,99999,99999,0,99999,99999,99999,99999,0.0,0.0,0,537543,3.0,3.5,99999,2814,1
2571,32.975,3.0110030892900004,21045,28055,0,4,99999,99999,99999,99999,0,99999,99999,99999,99999,0.0,0.0,0,537543,3.0,16.0,99999,2815,1
2580,33.025,3.06100308929,19520,26022,0,4,99999,99999,99999,99999,0,99999,99999,99999,99999,0.0,0.0,0,533406,3.0,3.5,99999,2824,1
2595,32.875,3.1610030892900003,19520,26022,0,2,914,99999,99999,99999,0,4,99999,99999,99999,354437.0,484190.0,6,554437,3.0,3.5,99999,2907,5
2596,32.825,3.21100308929,10663,13498,0,2,914,99999,99999,99999,0,4,99999,99999,99999,354437.0,484190.0,6,554437,3.0,16.0,99999,2908,5
2597,32.875,3.21100308929,10663,13498,0,2,914,99999,99999,99999,0,4,99999,99999,99999,354437.0,484190.0,6,554437,3.0,16.0,99999,2909,5
2620,32.875,3.2610030892900004,10663,13498,0,2,72,618,48,113,0,4,46,27.09,4,3.0,33.0,0,559966,3.0,3.5,46,2944,7
2736,33.075,3.0110030892900004,21045,28055,0,4,99999,99999,99999,99999,0,99999,99999,99999,99999,0.0,0.0,0,528390,3.0,16.0,99999,3089,1
2737,33.025,2.96100308929,21045,28055,0,4,99999,99999,99999,99999,0,99999,99999,99999,99999,0.0,0.0,0,528390,3.0,16.0,99999,3090,1
2738,33.075,2.96100308929,12082,16106,0,4,99999,99999,99999,99999,0,99999,99999,99999,99999,0.0,0.0,0,528390,3.0,3.5,99999,3091,1
2739,33.075,3.0110030892900004,21045,28055,0,4,99999,99999,99999,99999,0,99999,99999,99999,99999,0.0,0.0,0,528808,3.0,16.0,99999,3094,1
2740,33.075,2.96100308929,12082,16106,0,4,99999,99999,99999,99999,0,99999,99999,99999,99999,0.0,0.0,0,528808,3.0,3.5,99999,3095,1
2743,33.075,3.0110030892900004,21045,28055,0,4,99999,99999,99999,99999,0,99999,99999,99999,99999,0.0,0.0,0,528917,3.0,16.0,99999,3098,1
2744,33.075,2.96100308929,12082,16106,0,4,99999,99999,99999,99999,0,99999,99999,99999,99999,0.0,0.0,0,528917,3.0,3.5,99999,3099,1
2748,33.075,3.0110030892900004,21045,28055,0,4,99999,99999,99999,99999,0,99999,99999,99999,99999,0.0,0.0,0,529060,3.0,16.0,99999,3103,1
2749,33.075,2.96100308929,12082,16106,0,4,99999,99999,99999,99999,0,99999,99999,99999,99999,0.0,0.0,0,529060,3.0,3.5,99999,3104,1
2750,33.125,2.96100308929,12082,16106,0,4,99999,99999,99999,99999,0,99999,99999,99999,99999,0.0,0.0,0,529060,3.0,3.5,99999,3105,1
2827,32.925,2.96100308929,15923,21227,0,4,99999,99999,99999,99999,0,99999,99999,99999,99999,0.0,0.0,0,526668,3.0,16.0,99999,3220,1
2832,32.925,2.9110030892900003,15923,21227,0,4,99999,99999,99999,99999,0,99999,99999,99999,99999,0.0,0.0,0,526733,3.0,3.5,99999,3225,1
2834,32.975,2.96100308929,21045,28055,0,4,99999,99999,99999,99999,0,99999,99999,99999,99999,0.0,0.0,0,526735,3.0,16.0,99999,3227,1
2835,32.925,2.9110030892900003,15923,21227,0,4,99999,99999,99999,99999,0,99999,99999,99999,99999,0.0,0.0,0,526735,3.0,3.5,99999,3228,1
2836,32.925,2.96100308929,15923,21227,0,4,99999,99999,99999,99999,0,99999,99999,99999,99999,0.0,0.0,0,526735,3.0,16.0,99999,3229,1
2841,32.925,2.9110030892900003,15923,21227,0,4,99999,99999,99999,99999,0,99999,99999,99999,99999,0.0,0.0,0,526812,3.0,3.5,99999,3234,1
2846,32.975,2.96100308929,21045,28055,0,4,99999,99999,99999,99999,0,99999,99999,99999,99999,0.0,0.0,0,526843,3.0,16.0,99999,3239,1
2847,32.925,2.9110030892900003,15923,21227,0,4,99999,99999,99999,99999,0,99999,99999,99999,99999,0.0,0.0,0,526843,3.0,3.5,99999,3240,1
2848,32.925,2.96100308929,15923,21227,0,4,99999,99999,99999,99999,0,99999,99999,99999,99999,0.0,0.0,0,526843,3.0,16.0,99999,3241,1
2850,32.925,2.9110030892900003,15923,21227,0,4,99999,99999,99999,99999,0,99999,99999,99999,99999,0.0,0.0,0,526854,3.0,3.5,99999,3243,1
2855,32.975,2.96100308929,21045,28055,0,4,99999,99999,99999,99999,0,99999,99999,99999,99999,0.0,0.0,0,527069,3.0,16.0,99999,3251,1
2862,32.975,2.96100308929,21045,28055,0,4,99999,99999,99999,99999,0,99999,99999,99999,99999,0.0,0.0,0,527340,3.0,16.0,99999,3258,1
2884,32.975,2.96100308929,21045,28055,0,4,99999,99999,99999,99999,0,99999,99999,99999,99999,0.0,0.0,0,529007,3.0,16.0,99999,3280,1
2885,32.925,3.0110030892900004,15923,21227,0,4,99999,99999,99999,99999,0,99999,99999,99999,99999,0.0,0.0,0,529007,3.0,16.0,99999,3281,1
2886,32.925,2.96100308929,15923,21227,0,4,99999,99999,99999,99999,0,99999,99999,99999,99999,0.0,0.0,0,529007,3.0,16.0,99999,3282,1
2887,32.975,2.96100308929,21045,28055,0,4,99999,99999,99999,99999,0,99999,99999,99999,99999,0.0,0.0,0,529154,3.0,16.0,99999,3283,1
2888,32.925,3.0110030892900004,15923,21227,0,4,99999,99999,99999,99999,0,99999,99999,99999,99999,0.0,0.0,0,529154,3.0,16.0,99999,3284,1
2889,32.925,2.96100308929,15923,21227,0,4,99999,99999,99999,99999,0,99999,99999,99999,99999,0.0,0.0,0,529154,3.0,16.0,99999,3285,1
2966,33.325,3.06100308929,19953,26599,0,4,99999,99999,99999,99999,0,99999,99999,99999,99999,0.0,0.0,0,541005,3.0,16.0,99999,3362,1
2971,33.275,3.11100308929,19953,26599,0,4,99999,99999,99999,99999,0,99999,99999,99999,99999,0.0,0.0,0,541371,3.0,16.0,99999,3367,1
3006,33.325,3.06100308929,19953,26599,0,4,99999,99999,99999,99999,0,99999,99999,99999,99999,0.0,0.0,0,536804,3.0,16.0,99999,3409,1
3007,33.375,3.06100308929,21936,29243,0,4,99999,99999,99999,99999,0,99999,99999,99999,99999,0.0,0.0,0,536804,3.0,16.0,99999,3410,1
3008,33.375,3.0110030892900004,21936,29243,0,4,99999,99999,99999,99999,0,99999,99999,99999,99999,0.0,0.0,0,536804,3.0,16.0,99999,3411,1
3012,33.325,3.06100308929,19953,26599,0,4,99999,99999,99999,99999,0,99999,99999,99999,99999,0.0,0.0,0,536986,3.0,16.0,99999,3415,1
3013,33.375,3.06100308929,21936,29243,0,4,99999,99999,99999,99999,0,99999,99999,99999,99999,0.0,0.0,0,536986,3.0,16.0,99999,3416,1
3014,33.375,3.0110030892900004,21936,29243,0,4,99999,99999,99999,99999,0,99999,99999,99999,99999,0.0,0.0,0,536986,3.0,16.0,99999,3417,1
3015,33.325,3.06100308929,19953,26599,0,4,99999,99999,99999,99999,0,99999,99999,99999,99999,0.0,0.0,0,537014,3.0,16.0,99999,3418,1
3016,33.375,3.06100308929,21936,29243,0,4,99999,99999,99999,99999,0,99999,99999,99999,99999,0.0,0.0,0,537014,3.0,16.0,99999,3419,1
3017,33.375,3.0110030892900004,21936,29243,0,4,99999,99999,99999,99999,0,99999,99999,99999,99999,0.0,0.0,0,537014,3.0,16.0,99999,3420,1
3021,33.325,3.06100308929,19953,26599,0,4,99999,99999,99999,99999,0,99999,99999,99999,99999,0.0,0.0,0,537314,3.0,16.0,99999,3424,1
3022,33.375,3.06100308929,21936,29243,0,4,99999,99999,99999,99999,0,99999,99999,99999,99999,0.0,0.0,0,537314,3.0,16.0,99999,3425,1
3023,33.375,3.0110030892900004,21936,29243,0,4,99999,99999,99999,99999,0,99999,99999,99999,99999,0.0,0.0,0,537314,3.0,16.0,99999,3426,1
3024,33.325,3.06100308929,19953,26599,0,4,99999,99999,99999,99999,0,99999,99999,99999,99999,0.0,0.0,0,537327,3.0,16.0,99999,3427,1
3025,33.375,3.06100308929,21936,29243,0,4,99999,99999,99999,99999,0,99999,99999,99999,99999,0.0,0.0,0,537327,3.0,16.0,99999,3428,1
3026,33.375,3.0110030892900004,21936,29243,0,4,99999,99999,99999,99999,0,99999,99999,99999,99999,0.0,0.0,0,537327,3.0,16.0,99999,3429,1
3030,33.325,3.06100308929,19953,26599,0,4,99999,99999,99999,99999,0,99999,99999,99999,99999,0.0,0.0,0,537391,3.0,16.0,99999,3439,1
3038,33.375,3.0110030892900004,21936,29243,0,4,99999,99999,99999,99999,0,99999,99999,99999,99999,0.0,0.0,0,537725,3.0,16.0,99999,3447,1
3066,33.225,3.11100308929,19953,26599,0,4,99999,99999,99999,99999,0,99999,99999,99999,99999,0.0,0.0,0,546988,3.0,16.0,99999,3499,1
3101,33.275,3.0110030892900004,19953,26599,0,4,99999,99999,99999,99999,0,99999,99999,99999,99999,0.0,0.0,0,531536,3.0,16.0,99999,3566,1
3104,33.175,3.0110030892900004,12082,16106,0,4,99999,99999,99999,99999,0,99999,99999,99999,99999,0.0,0.0,0,532314,3.0,3.5,99999,3569,1
3116,33.375,3.06100308929,21936,29243,0,4,99999,99999,99999,99999,0,99999,99999,99999,99999,0.0,0.0,0,534742,3.0,16.0,99999,3581,1
3117,33.375,3.0110030892900004,21936,29243,0,4,99999,99999,99999,99999,0,99999,99999,99999,99999,0.0,0.0,0,534742,3.0,16.0,99999,3582,1
3134,33.375,3.06100308929,21936,29243,0,4,99999,99999,99999,99999,0,99999,99999,99999,99999,0.0,0.0,0,536434,3.0,16.0,99999,3615,1
3135,33.375,3.0110030892900004,21936,29243,0,4,99999,99999,99999,99999,0,99999,99999,99999,99999,0.0,0.0,0,536434,3.0,16.0,99999,3616,1
3137,33.375,3.0110030892900004,21936,29243,0,4,99999,99999,99999,99999,0,99999,99999,99999,99999,0.0,0.0,0,536536,3.0,16.0,99999,3622,1
3156,33.375,3.06100308929,21936,29243,0,4,99999,99999,99999,99999,0,99999,99999,99999,99999,0.0,0.0,0,536103,3.0,16.0,99999,3643,1
3157,33.375,3.0110030892900004,21936,29243,0,4,99999,99999,99999,99999,0,99999,99999,99999,99999,0.0,0.0,0,536103,3.0,16.0,99999,3644,1
3166,33.375,3.06100308929,21936,29243,0,4,99999,99999,99999,99999,0,99999,99999,99999,99999,0.0,0.0,0,534524,3.0,16.0,99999,3653,1
3167,33.325,3.0110030892900004,21936,29243,0,4,99999,99999,99999,99999,0,99999,99999,99999,99999,0.0,0.0,0,534524,3.0,16.0,99999,3654,1
3168,33.375,3.0110030892900004,21936,29243,0,4,99999,99999,99999,99999,0,99999,99999,99999,99999,0.0,0.0,0,534524,3.0,16.0,99999,3655,1
3209,33.425,2.96100308929,13935,18577,0,4,99999,99999,99999,99999,0,99999,99999,99999,99999,0.0,0.0,0,531267,3.0,3.5,99999,3716,1
3228,33.275,2.9110030892900003,15055,20070,0,4,99999,99999,99999,99999,0,99999,99999,99999,99999,0.0,0.0,0,524714,3.0,3.5,99999,3739,1
3233,33.275,2.96100308929,21936,29243,0,4,99999,99999,99999,99999,0,99999,99999,99999,99999,0.0,0.0,0,526290,3.0,3.5,99999,3744,1
3252,33.375,2.96100308929,21936,29243,0,4,99999,99999,99999,99999,0,99999,99999,99999,99999,0.0,0.0,0,523540,3.0,3.5,99999,3772,1
3253,33.325,2.9110030892900003,15055,20070,0,4,99999,99999,99999,99999,0,99999,99999,99999,99999,0.0,0.0,0,523540,3.0,16.0,99999,3773,1
3254,33.375,2.9110030892900003,15055,20070,0,4,99999,99999,99999,99999,0,99999,99999,99999,99999,0.0,0.0,0,523540,3.0,16.0,99999,3774,1
3279,32.475,3.46100308929,8551,10824,0,3,750,99999,99999,99999,0,99999,99999,99999,99999,380838.0,441643.0,0,580838,3.0,3.5,99999,3805,7
3280,32.475,3.4110030892900003,8551,10824,0,3,750,99999,99999,99999,0,99999,99999,99999,99999,380838.0,441643.0,0,580838,3.0,3.5,99999,3806,7
3354,32.575,3.61100308929,12786,16185,0,3,59,99999,99999,99999,0,14,99999,99999,99999,395848.0,457175.0,1,595848,3.0,16.0,99999,3887,8
3355,32.575,3.56100308929,12786,16185,0,3,59,99999,99999,99999,0,14,99999,99999,99999,395848.0,457175.0,1,595848,3.0,3.5,99999,3888,8
3356,32.625,3.56100308929,12786,16185,0,3,59,99999,99999,99999,0,14,99999,99999,99999,395848.0,457175.0,1,595848,3.0,3.5,99999,3889,8
3357,32.625,3.61100308929,20038,25365,0,3,59,99999,99999,99999,0,14,99999,99999,99999,395848.0,457175.0,1,595848,3.0,3.5,99999,3890,8
3415,32.575,3.46100308929,12786,16185,0,3,316,99999,69,99999,0,99999,99999,99999,99999,379358.0,453925.0,0,579358,3.0,3.5,99999,3951,5
3416,32.625,3.46100308929,12786,16185,0,3,316,99999,69,99999,0,99999,99999,99999,99999,379358.0,453925.0,0,579358,3.0,3.5,99999,3952,5
3417,32.575,3.4110030892900003,12786,16185,0,3,316,99999,69,99999,0,99999,99999,99999,99999,379358.0,453925.0,0,579358,3.0,3.5,99999,3953,5
3418,32.625,3.4110030892900003,12639,15999,0,3,316,99999,69,99999,0,99999,99999,99999,99999,379358.0,453925.0,0,579358,3.0,3.5,99999,3954,5
3450,32.625,3.56100308929,12786,16185,0,3,670,99999,99999,99999,0,4,99999,99999,99999,397741.0,461216.0,2,597741,3.0,3.5,99999,3989,11
3451,32.625,3.61100308929,20038,25365,0,3,670,99999,99999,99999,0,4,99999,99999,99999,397741.0,461216.0,2,597741,3.0,3.5,99999,3990,11
3452,32.675,3.61100308929,20038,25365,0,3,670,99999,99999,99999,0,4,99999,99999,99999,397741.0,461216.0,2,597741,3.0,3.5,99999,3991,11
3453,32.675,3.56100308929,20038,25365,0,3,670,99999,99999,99999,0,4,99999,99999,99999,397741.0,461216.0,2,597741,3.0,16.0,99999,3992,11
3460,32.575,3.4110030892900003,12786,16185,0,3,167,99999,99999,99999,0,4,99999,99999,99999,374597.0,454399.0,2,574597,3.0,3.5,99999,3999,11
3461,32.625,3.4110030892900003,12639,15999,0,3,167,99999,99999,99999,0,4,99999,99999,99999,374597.0,454399.0,2,574597,3.0,3.5,99999,4000,11
3462,32.575,3.36100308929,12639,15999,0,3,167,99999,99999,99999,0,4,99999,99999,99999,374597.0,454399.0,2,574597,3.0,3.5,99999,4001,11
3463,32.625,3.36100308929,12639,15999,0,3,167,99999,99999,99999,0,4,99999,99999,99999,374597.0,454399.0,2,574597,3.0,16.0,99999,4002,11
3467,32.625,3.36100308929,12639,15999,0,3,431,99999,1,99999,0,99999,99999,99999,99999,375297.0,456031.0,0,575297,3.0,16.0,99999,4006,5
3475,32.675,3.5110030892900004,12786,16185,0,3,143,99999,99999,99999,99999,4,99999,99999,99999,393029.0,465614.0,2,593029,3.0,16.0,99999,4014,1
3476,32.675,3.56100308929,20038,25365,0,3,143,99999,99999,99999,99999,4,99999,99999,99999,393029.0,465614.0,2,593029,3.0,16.0,99999,4015,11
3477,32.725,3.56100308929,20038,25365,0,3,143,99999,99999,99999,99999,4,99999,99999,99999,393029.0,465614.0,2,593029,3.0,16.0,99999,4016,11
3494,32.675,3.6610030892900003,20038,25365,0,3,355,368,66,113,3,4,99999,99999,99999,462157.0,399688.0,1,599688,3.0,3.5,99999,4033,1
3509,32.625,3.61100308929,20038,25365,0,3,477,99999,99999,99999,0,99999,99999,99999,99999,400383.0,463081.0,0,600383,3.0,3.5,99999,4048,11
3536,32.675,3.61100308929,20038,25365,0,3,831,99999,99999,99999,0,4,99999,99999,99999,397203.0,468209.0,0,597203,3.0,3.5,99999,4075,11
3537,32.725,3.61100308929,20038,25365,0,3,831,99999,99999,99999,0,4,99999,99999,99999,397203.0,468209.0,0,597203,3.0,3.5,99999,4076,11
3538,32.725,3.56100308929,20038,25365,0,3,831,99999,99999,99999,0,4,99999,99999,99999,397203.0,468209.0,0,597203,3.0,16.0,99999,4077,11
3542,32.725,3.56100308929,20038,25365,0,3,920,99999,68,92,0,99999,99999,99999,99999,397356.0,467717.0,0,597356,3.0,16.0,99999,4081,7
3591,32.675,3.61100308929,20038,25365,0,3,340,99999,99999,99999,0,99999,99999,99999,99999,400463.0,468025.0,0,600463,3.0,3.5,99999,4136,11
3592,32.725,3.61100308929,20038,25365,0,3,340,99999,99999,99999,0,99999,99999,99999,99999,400463.0,468025.0,0,600463,3.0,3.5,99999,4137,11
3593,32.725,3.6610030892900003,20038,25365,0,3,340,99999,99999,99999,0,99999,99999,99999,99999,400463.0,468025.0,0,600463,3.0,3.5,99999,4138,11
3626,32.725,3.6610030892900003,20038,25365,0,3,881,869,31,116,0,4,75,10.05,3,467658.0,403854.0,18,603854,3.0,3.5,75,4171,7
3649,32.725,3.71100308929,20038,25365,0,3,279,99999,99999,99999,0,99999,99999,99999,99999,406655.0,470171.0,0,606655,3.0,3.5,99999,4202,11
3650,32.725,3.6610030892900003,20038,25365,0,3,279,99999,99999,99999,0,99999,99999,99999,99999,406655.0,470171.0,0,606655,3.0,3.5,99999,4203,11
3651,32.775,3.6610030892900003,20038,25365,0,3,279,99999,99999,99999,0,99999,99999,99999,99999,406655.0,470171.0,0,606655,3.0,3.5,99999,4204,11
3682,32.925,3.56100308929,9954,12600,0,3,629,99999,31,146,0,99999,99999,99999,99999,395610.0,492266.0,0,595610,3.0,3.5,99999,4240,7
3684,32.925,3.61100308929,9954,12600,0,3,242,99999,99999,99999,0,99999,99999,99999,99999,395634.0,491208.0,0,595634,3.0,3.5,99999,4242,11
3685,32.875,3.56100308929,9954,12600,0,3,242,99999,99999,99999,0,99999,99999,99999,99999,395634.0,491208.0,0,595634,3.0,3.5,99999,4243,11
3686,32.925,3.56100308929,9954,12600,0,3,242,99999,99999,99999,0,99999,99999,99999,99999,395634.0,491208.0,0,595634,3.0,3.5,99999,4244,11
3687,32.925,3.61100308929,9954,12600,0,3,786,874,79,113,0,4,77.5,12.34,0.68,493112.0,396322.0,19,596322,3.0,3.5,77.5,4245,7
3704,32.975,3.56100308929,9954,12600,0,3,785,730,79,113,0,4,68.43,16.4,3,493246.0,396718.0,19,596718,3.0,3.5,68.43,4262,7
3728,32.975,3.56100308929,9954,12600,0,3,787,307,99999,108,0,16,99999,99999,99999,493587.0,397129.0,0,597129,3.0,3.5,99999,4288,7
3748,33.025,3.6610030892900003,10298,13036,0,3,77,298,99999,0,0,99999,123.3,48,1.31,501742.0,399913.0,0,599913,3.0,16.0,123.3,4308,7
3750,32.875,3.46100308929,12667,16035,0,3,79,99999,99999,81,0,99999,99999,99999,99999,380334.0,490751.0,0,580334,3.0,3.5,99999,4310,7
3768,32.925,3.5110030892900004,9954,12600,0,3,510,99999,99999,81,0,4,99999,99999,99999,383037.0,490919.0,18,583037,3.0,16.0,99999,4328,7
3816,33.075,3.61100308929,10298,13036,0,3,260,99999,99999,99999,99999,4,99999,99999,99999,394746.0,509012.0,2,594746,3.0,3.5,99999,4376,2
3817,33.075,3.56100308929,10298,13036,0,3,260,99999,99999,99999,99999,4,99999,99999,99999,394746.0,509012.0,2,594746,3.0,3.5,99999,4377,2
3818,33.125,3.56100308929,10298,13036,0,3,260,99999,99999,99999,99999,4,99999,99999,99999,394746.0,509012.0,2,594746,3.0,3.5,99999,4378,2
3819,33.075,3.61100308929,10298,13036,0,3,260,99999,99999,99999,99999,99999,99999,99999,99999,394839.0,508822.0,0,594839,3.0,3.5,99999,4379,2
3820,33.075,3.56100308929,10298,13036,0,3,260,99999,99999,99999,99999,99999,99999,99999,99999,394839.0,508822.0,0,594839,3.0,3.5,99999,4380,2
3821,33.125,3.56100308929,10298,13036,0,3,260,99999,99999,99999,99999,99999,99999,99999,99999,394839.0,508822.0,0,594839,3.0,3.5,99999,4381,2
3822,33.075,3.61100308929,10298,13036,0,3,260,99999,99999,99999,99999,99999,99999,99999,99999,394903.0,509100.0,0,594903,3.0,3.5,99999,4382,2
3823,33.075,3.56100308929,10298,13036,0,3,260,99999,99999,99999,99999,99999,99999,99999,99999,394903.0,509100.0,0,594903,3.0,3.5,99999,4383,2
3824,33.125,3.56100308929,10298,13036,0,3,260,99999,99999,99999,99999,99999,99999,99999,99999,394903.0,509100.0,0,594903,3.0,3.5,99999,4384,2
3825,33.075,3.61100308929,10298,13036,0,3,260,284,31,117,0,4,66,44.93,0.7,508653.0,397043.0,17,597043,3.0,3.5,66,4385,7
3831,33.075,3.56100308929,10298,13036,0,3,260,284,69,116,0,4,99999,99999,0.4,509133.0,397581.0,19,597581,3.0,3.5,99999,4391,7
3842,33.125,3.61100308929,10298,13036,0,3,214,895,48,0,0,99999,99999,99999,99999,509690.0,398346.0,0,598346,3.0,16.0,99999,4405,7
3870,33.075,3.61100308929,10298,13036,0,3,214,99999,99999,99999,99999,99999,99999,99999,99999,398998.0,510024.0,0,598998,3.0,3.5,99999,4433,11
3871,33.125,3.61100308929,10298,13036,0,3,214,99999,99999,99999,99999,99999,99999,99999,99999,398998.0,510024.0,0,598998,3.0,16.0,99999,4434,11
3915,33.075,3.46100308929,15060,19064,0,2,669,99999,99999,91,0,99999,99999,99999,99999,383180.0,505022.0,0,583180,3.0,3.5,99999,4488,7
3921,33.025,3.46100308929,15060,19064,0,2,374,99999,7,116,0,99999,99999,99999,99999,383792.0,504629.0,0,583792,3.0,3.5,99999,4494,7
3926,33.025,3.5110030892900004,10298,13036,0,2,120,103,31,116,0,4,91.82,25.93,5.4,506950.0,386509.0,19,586509,3.0,3.5,91.82,4499,7
3932,33.275,3.46100308929,22469,28443,0,2,659,99999,99999,66,0,4,99999,99999,99999,380469.0,535622.0,0,580469,3.0,16.0,99999,4508,11
3938,33.375,3.46100308929,22469,28443,0,2,306,99999,99999,99999,99999,4,99999,99999,99999,383983.0,546896.0,6,583983,3.0,3.5,99999,4520,11
3939,33.425,3.46100308929,22469,28443,0,2,306,99999,99999,99999,99999,4,99999,99999,99999,383983.0,546896.0,6,583983,3.0,16.0,99999,4521,11
3940,33.425,3.5110030892900004,22469,28443,0,2,306,99999,99999,99999,99999,4,99999,99999,99999,383983.0,546896.0,6,583983,3.0,16.0,99999,4522,11
3944,33.425,3.5110030892900004,22469,28443,0,2,437,897,58,115,0,4,42.7,20.58,6,545446.0,385321.0,3,585321,3.0,16.0,42.7,4526,7
3986,33.575,3.46100308929,22469,28443,0,2,483,460,7,114,99999,99999,99999,99999,99999,562190.0,383747.0,0,583747,3.0,3.5,99999,4568,1
3991,33.525,3.46100308929,22469,28443,0,2,526,99999,99999,99999,0,99999,99999,99999,99999,384290.0,559522.0,6,584290,3.0,3.5,99999,4573,11
3992,33.575,3.46100308929,22469,28443,0,2,526,99999,99999,99999,0,99999,99999,99999,99999,384290.0,559522.0,6,584290,3.0,3.5,99999,4574,11
3993,33.525,3.5110030892900004,22469,28443,0,2,526,99999,99999,99999,0,99999,99999,99999,99999,384290.0,559522.0,6,584290,3.0,3.5,99999,4575,11
4014,33.425,3.31100308929,22469,28443,0,2,275,1008,99999,115,0,99999,99999,99999,99999,542358.0,366754.0,0,566754,3.0,16.0,99999,4596,3
4023,33.425,3.31100308929,22469,28443,0,2,664,99999,99999,99999,99999,4,99999,99999,99999,367788.0,545963.0,0,567788,3.0,16.0,99999,4605,1
4024,33.425,3.36100308929,22469,28443,0,2,664,99999,99999,99999,99999,4,99999,99999,99999,367788.0,545963.0,0,567788,3.0,3.5,99999,4606,1
4025,33.375,3.31100308929,14103,17852,0,2,664,99999,99999,99999,99999,4,99999,99999,99999,367788.0,545963.0,0,567788,3.0,3.5,99999,4607,1
4038,33.425,3.56100308929,22469,28443,0,2,225,99999,99999,99999,0,99999,99999,99999,99999,390404.0,550770.0,0,590404,3.0,3.5,99999,4620,11
4039,33.475,3.56100308929,22469,28443,0,2,225,99999,99999,99999,0,99999,99999,99999,99999,390404.0,550770.0,0,590404,3.0,16.0,99999,4621,11
4040,33.425,3.5110030892900004,22469,28443,0,2,225,99999,99999,99999,0,99999,99999,99999,99999,390404.0,550770.0,0,590404,3.0,16.0,99999,4622,11
4041,33.475,3.5110030892900004,22469,28443,0,2,225,99999,99999,99999,0,99999,99999,99999,99999,390404.0,550770.0,0,590404,3.0,16.0,99999,4623,11
4103,33.475,3.4110030892900003,22469,28443,0,2,573,531,59,114,0,4,82.46,32.84,1,551665.0,376900.0,3,576900,3.0,3.5,82.46,4685,7
4150,31.875,2.96100308929,28969,34226,0,0,693,828,79,113,2,1,99999,99999,99999,0.0,0.0,0,526944,3.0,3.5,99999,4732,1
4153,31.875,2.9110030892900003,28969,34226,0,0,693,99999,57,113,2,1,99999,99999,99999,0.0,0.0,0,527064,3.0,3.5,99999,4735,1
4175,31.925,2.9110030892900003,28969,34226,0,0,17,99999,3,94,2,1,99999,99999,99999,0.0,0.0,0,518373,3.0,16.0,99999,4757,1
4176,31.975,2.9110030892900003,28969,34226,0,0,17,99999,3,94,2,1,99999,99999,99999,0.0,0.0,0,518373,3.0,16.0,99999,4758,1
4177,31.925,2.86100308929,28969,34226,0,0,17,99999,3,94,2,1,99999,99999,99999,0.0,0.0,0,518373,3.0,16.0,99999,4759,1
4178,31.975,2.86100308929,28969,34226,0,0,17,99999,3,94,2,1,99999,99999,99999,0.0,0.0,0,518373,3.0,16.0,99999,4760,1
4181,31.925,2.86100308929,28969,34226,0,0,17,99999,7,109,7,1,99999,99999,99999,0.0,0.0,0,518379,3.0,16.0,99999,4763,1
4193,31.725,2.86100308929,28969,34226,0,99999,550,99999,99999,99999,7,99999,99999,99999,99999,0.0,0.0,0,0,3.0,16.0,99999,4775,7
4215,31.875,2.86100308929,28969,34226,0,0,739,99999,99999,99999,0,99999,99999,99999,99999,0.0,0.0,0,513280,3.0,16.0,99999,4797,7
4254,31.925,2.86100308929,28969,34226,0,99999,683,99999,99999,99999,3,99999,99999,99999,99999,0.0,0.0,0,0,3.0,16.0,99999,4836,7
4303,31.925,2.81100308929,28969,34226,0,0,396,99999,92,93,7,1,99999,99999,99999,0.0,0.0,0,511118,3.0,16.0,99999,4887,1
4304,31.975,2.81100308929,28969,34226,0,0,396,99999,92,93,7,1,99999,99999,99999,0.0,0.0,0,511118,3.0,3.5,99999,4888,1
4314,32.025,2.81100308929,28969,34226,0,0,655,642,57,114,5,1,99999,99999,99999,0.0,0.0,0,510860,3.0,3.5,99999,4898,1
4318,32.025,2.81100308929,28969,34226,0,0,655,639,3,94,5,1,99999,99999,99999,0.0,0.0,0,511026,3.0,3.5,99999,4902,1
4346,32.025,2.81100308929,28969,34226,0,0,409,398,70,111,2,27,99999,99999,99999,0.0,0.0,0,512395,3.0,3.5,99999,4930,1
4347,32.025,2.86100308929,37625,44452,0,0,409,398,70,111,2,27,99999,99999,99999,0.0,0.0,0,512395,3.0,3.5,99999,4931,1
4348,32.075,2.86100308929,37625,44452,0,0,409,398,70,111,2,27,99999,99999,99999,0.0,0.0,0,512395,3.0,16.0,99999,4932,1
4349,32.075,2.81100308929,37625,44452,0,0,409,398,70,111,2,27,99999,99999,99999,0.0,0.0,0,512395,3.0,3.5,99999,4933,1
4375,32.125,2.9110030892900003,37625,44452,0,0,219,228,7,110,5,1,99999,99999,99999,0.0,0.0,0,520866,3.0,3.5,99999,4959,1
4376,32.175,2.9110030892900003,37625,44452,0,0,219,228,7,110,5,1,99999,99999,99999,0.0,0.0,0,520866,3.0,3.5,99999,4960,1
4377,32.175,2.86100308929,37625,44452,0,0,219,228,7,110,5,1,99999,99999,99999,0.0,0.0,0,520866,3.0,3.5,99999,4961,1
4378,32.125,2.9110030892900003,37625,44452,0,0,299,205,17,93,2,1,99999,99999,99999,0.0,0.0,0,520963,3.0,3.5,99999,4962,1
4379,32.175,2.9110030892900003,37625,44452,0,0,299,205,17,93,2,1,99999,99999,99999,0.0,0.0,0,520963,3.0,3.5,99999,4963,1
4380,32.175,2.86100308929,37625,44452,0,0,299,205,17,93,2,1,99999,99999,99999,0.0,0.0,0,520963,3.0,3.5,99999,4964,1
4381,32.125,2.9110030892900003,37625,44452,0,0,219,99999,17,111,7,1,99999,99999,99999,0.0,0.0,0,521010,3.0,3.5,99999,4965,1
4382,32.175,2.9110030892900003,37625,44452,0,0,219,99999,17,111,7,1,99999,99999,99999,0.0,0.0,0,521010,3.0,3.5,99999,4966,1
4383,32.175,2.86100308929,37625,44452,0,0,219,99999,17,111,7,1,99999,99999,99999,0.0,0.0,0,521010,3.0,3.5,99999,4967,1
4399,32.125,2.9110030892900003,37625,44452,0,0,23,99999,57,92,2,1,99999,99999,99999,0.0,0.0,0,521624,3.0,3.5,99999,4983,1
4400,32.175,2.9110030892900003,37625,44452,0,0,23,99999,57,92,2,1,99999,99999,99999,0.0,0.0,0,521624,3.0,3.5,99999,4984,1
4418,32.225,2.86100308929,22913,27071,0,1,858,99999,99999,99999,0,99999,99999,99999,99999,0.0,0.0,0,518890,3.0,16.0,99999,5002,7
4433,32.225,2.9110030892900003,22913,27071,0,1,859,99999,99999,99999,8,99999,99999,99999,99999,0.0,0.0,0,519236,3.0,3.5,99999,5017,7
4463,32.075,2.81100308929,37625,44452,0,0,160,99999,17,111,7,1,99999,99999,99999,0.0,0.0,0,514064,3.0,3.5,99999,5047,1
4476,32.125,2.81100308929,37625,44452,0,99999,322,99999,99999,99999,5,99999,99999,99999,99999,0.0,0.0,0,0,3.0,3.5,99999,5060,7
4502,32.125,2.86100308929,37625,44452,0,0,752,99999,17,111,7,1,99999,99999,99999,0.0,0.0,0,513279,3.0,16.0,99999,5086,1
4503,32.175,2.86100308929,37625,44452,0,0,752,99999,17,111,7,1,99999,99999,99999,0.0,0.0,0,513279,3.0,3.5,99999,5087,1
4504,32.125,2.81100308929,37625,44452,0,0,752,99999,17,111,7,1,99999,99999,99999,0.0,0.0,0,513279,3.0,3.5,99999,5088,1
4505,32.175,2.81100308929,37625,44452,0,0,752,99999,17,111,7,1,99999,99999,99999,0.0,0.0,0,513279,3.0,3.5,99999,5089,1
4511,32.175,2.86100308929,37625,44452,0,99999,752,99999,99999,99999,2,99999,99999,99999,99999,0.0,0.0,0,0,3.0,3.5,99999,5095,7
4514,32.125,2.86100308929,37625,44452,0,0,752,99999,17,108,7,1,99999,99999,99999,0.0,0.0,0,513458,3.0,16.0,99999,5098,1
4515,32.175,2.86100308929,37625,44452,0,0,752,99999,17,108,7,1,99999,99999,99999,0.0,0.0,0,513458,3.0,3.5,99999,5099,1
4516,32.125,2.81100308929,37625,44452,0,0,752,99999,17,108,7,1,99999,99999,99999,0.0,0.0,0,513458,3.0,3.5,99999,5100,1
4517,32.175,2.81100308929,37625,44452,0,0,752,99999,17,108,7,1,99999,99999,99999,0.0,0.0,0,513458,3.0,3.5,99999,5101,1
4518,32.125,2.86100308929,37625,44452,0,99999,752,99999,99999,99999,2,99999,99999,99999,99999,0.0,0.0,0,0,3.0,16.0,99999,5102,7
4519,32.175,2.86100308929,37625,44452,0,99999,752,99999,99999,99999,2,99999,99999,99999,99999,0.0,0.0,0,0,3.0,3.5,99999,5103,7
4520,32.125,2.81100308929,37625,44452,0,99999,752,99999,99999,99999,2,99999,99999,99999,99999,0.0,0.0,0,0,3.0,3.5,99999,5104,7
4521,32.175,2.81100308929,37625,44452,0,99999,752,99999,99999,99999,2,99999,99999,99999,99999,0.0,0.0,0,0,3.0,3.5,99999,5105,7
4525,32.125,2.86100308929,37625,44452,0,0,148,99999,17,108,7,1,99999,99999,99999,0.0,0.0,0,514313,3.0,16.0,99999,5109,1
4526,32.175,2.86100308929,37625,44452,0,0,148,99999,17,108,7,1,99999,99999,99999,0.0,0.0,0,514313,3.0,3.5,99999,5110,1
4527,32.175,2.81100308929,37625,44452,0,0,148,99999,17,108,7,1,99999,99999,99999,0.0,0.0,0,514313,3.0,3.5,99999,5111,1
4554,32.175,2.86100308929,37625,44452,0,0,148,99999,70,111,2,1,99999,99999,99999,0.0,0.0,0,513985,3.0,3.5,99999,5138,1
4555,32.175,2.81100308929,37625,44452,0,0,148,99999,70,111,2,1,99999,99999,99999,0.0,0.0,0,513985,3.0,3.5,99999,5139,1
4559,32.175,2.86100308929,37625,44452,0,0,148,99999,17,111,2,1,99999,99999,99999,0.0,0.0,0,514113,3.0,3.5,99999,5143,1
4560,32.175,2.81100308929,37625,44452,0,0,148,99999,17,111,2,1,99999,99999,99999,0.0,0.0,0,514113,3.0,3.5,99999,5144,1
4563,32.175,2.86100308929,37625,44452,0,0,148,99999,3,111,2,1,99999,99999,99999,0.0,0.0,0,514447,3.0,3.5,99999,5147,1
4564,32.175,2.81100308929,37625,44452,0,0,148,99999,3,111,2,1,99999,99999,99999,0.0,0.0,0,514447,3.0,3.5,99999,5148,1
4580,32.125,2.81100308929,37625,44452,0,0,794,737,85,116,2,27,99999,99999,99999,0.0,0.0,0,505745,3.0,3.5,99999,5164,1
4582,32.175,2.7610030892900004,13222,15621,0,0,794,737,85,116,2,27,99999,99999,99999,0.0,0.0,0,505745,3.0,3.5,99999,5166,1
4604,32.325,2.86100308929,24876,29390,0,1,221,99999,99999,99999,0,99999,99999,99999,99999,0.0,0.0,0,516313,3.0,3.5,99999,5188,7
4670,32.275,2.81100308929,0,0,1,1,99999,99999,99999,99999,0,99999,99999,99999,99999,0.0,0.0,0,512664,3.0,3.5,99999,5254,1
4674,32.275,2.86100308929,22913,27071,0,1,99999,99999,99999,99999,8,99999,99999,99999,99999,0.0,0.0,0,513031,3.0,3.5,99999,5258,1
4681,32.325,2.86100308929,24876,29390,0,1,905,99999,99999,99999,8,99999,99999,99999,99999,0.0,0.0,0,513427,3.0,3.5,99999,5265,7
4711,32.325,2.86100308929,24876,29390,0,1,99999,99999,99999,99999,6,99999,99999,99999,99999,0.0,0.0,0,515428,3.0,3.5,99999,5295,1
4768,32.225,2.81100308929,22913,27071,0,1,598,574,46,109,7,4,99999,99999,99999,0.0,0.0,0,507037,3.0,3.5,99999,5352,1
4769,32.225,2.7610030892900004,14360,16966,0,1,598,574,46,109,7,4,99999,99999,99999,0.0,0.0,0,507037,3.0,3.5,99999,5353,1
4770,32.275,2.7610030892900004,0,0,1,1,598,574,46,109,7,4,99999,99999,99999,0.0,0.0,0,507037,3.0,3.5,99999,5354,7
4771,32.275,2.81100308929,0,0,1,1,598,574,46,109,7,4,99999,99999,99999,0.0,0.0,0,507037,3.0,3.5,99999,5355,7
4773,32.225,2.7610030892900004,14360,16966,0,1,628,965,3,110,5,4,99999,99999,99999,0.0,0.0,0,507122,3.0,3.5,99999,5357,1
4831,32.375,2.81100308929,24876,29390,0,1,126,99999,99999,99999,0,99999,99999,99999,99999,0.0,0.0,0,512222,3.0,3.5,99999,5415,7
4857,32.325,2.86100308929,24876,29390,0,1,658,99999,99999,99999,0,99999,99999,99999,99999,0.0,0.0,0,511326,3.0,3.5,99999,5441,7
4900,32.425,2.81100308929,24876,29390,0,1,28,99999,99999,99999,0,99999,99999,99999,99999,0.0,0.0,0,511701,3.0,3.5,99999,5484,7
4925,32.325,2.7610030892900004,0,0,1,1,121,99999,99999,99999,0,99999,99999,99999,99999,0.0,0.0,0,508441,3.0,3.5,99999,5509,7
4986,32.275,2.81100308929,0,0,1,1,122,99999,99999,99999,8,99999,99999,99999,99999,0.0,0.0,0,508911,3.0,3.5,99999,5570,7
4999,32.325,2.7610030892900004,0,0,1,1,617,99999,99999,99999,6,99999,99999,99999,99999,0.0,0.0,0,509124,3.0,3.5,99999,5583,7
5007,32.325,2.7610030892900004,0,0,1,1,43,99999,99999,99999,8,99999,99999,99999,99999,0.0,0.0,0,509231,3.0,3.5,99999,5591,7
5022,32.325,2.81100308929,24876,29390,0,1,658,99999,99999,99999,0,99999,99999,99999,99999,0.0,0.0,0,509481,3.0,16.0,99999,5606,7
5024,32.325,2.7610030892900004,0,0,1,1,658,99999,99999,99999,0,99999,99999,99999,99999,0.0,0.0,0,509481,3.0,3.5,99999,5608,7
5030,32.325,2.81100308929,24876,29390,0,1,99999,99999,99999,99999,0,99999,99999,99999,99999,0.0,0.0,0,509528,3.0,16.0,99999,5614,1
5058,32.275,2.81100308929,0,0,1,1,99999,99999,99999,99999,0,99999,99999,99999,99999,0.0,0.0,0,510118,3.0,3.5,99999,5642,1
5063,32.275,2.7610030892900004,0,0,1,1,439,99999,99999,99999,0,99999,99999,99999,99999,0.0,0.0,0,510370,3.0,3.5,99999,5647,7
5090,32.325,2.81100308929,24876,29390,0,1,168,973,7,111,5,4,99999,99999,99999,0.0,0.0,0,505765,3.0,16.0,99999,5674,1
5091,32.325,2.7610030892900004,0,0,1,1,168,973,7,111,5,4,99999,99999,99999,0.0,0.0,0,505765,3.0,3.5,99999,5675,7
5092,32.325,2.81100308929,24876,29390,0,1,856,99999,99999,99999,8,99999,99999,99999,99999,0.0,0.0,0,505877,3.0,16.0,99999,5676,7
5103,32.325,2.81100308929,24876,29390,0,1,819,99999,99999,99999,8,99999,99999,99999,99999,0.0,0.0,0,506069,3.0,16.0,99999,5687,7
5139,32.325,2.81100308929,24876,29390,0,1,556,99999,99999,99999,0,99999,99999,99999,99999,0.0,0.0,0,507080,3.0,16.0,99999,5723,7
5145,32.325,2.81100308929,24876,29390,0,1,825,762,46,94,7,22,99999,99999,99999,0.0,0.0,0,507170,3.0,16.0,99999,5729,1
5146,32.275,2.7610030892900004,0,0,1,1,825,762,46,94,7,22,99999,99999,99999,0.0,0.0,0,507170,3.0,3.5,99999,5730,7
5147,32.325,2.7610030892900004,0,0,1,1,825,762,46,94,7,22,99999,99999,99999,0.0,0.0,0,507170,3.0,3.5,99999,5731,7
5148,32.325,2.81100308929,24876,29390,0,1,825,952,46,110,7,4,99999,99999,99999,0.0,0.0,0,507207,3.0,16.0,99999,5732,1
5149,32.275,2.7610030892900004,0,0,1,1,825,952,46,110,7,4,99999,99999,99999,0.0,0.0,0,507207,3.0,3.5,99999,5733,7
5150,32.325,2.7610030892900004,0,0,1,1,825,952,46,110,7,4,99999,99999,99999,0.0,0.0,0,507207,3.0,3.5,99999,5734,7
5155,32.325,2.81100308929,24876,29390,0,1,99999,99999,99999,99999,0,99999,99999,99999,99999,0.0,0.0,0,507324,3.0,16.0,99999,5739,1
5232,32.875,2.9110030892900003,15923,21227,0,4,99999,99999,99999,99999,0,99999,99999,99999,99999,0.0,0.0,0,518720,3.0,3.5,99999,5816,1
5233,32.925,2.9110030892900003,15923,21227,0,4,99999,99999,99999,99999,0,99999,99999,99999,99999,0.0,0.0,0,518720,3.0,3.5,99999,5817,1
5234,32.875,2.86100308929,15923,21227,0,4,99999,99999,99999,99999,0,99999,99999,99999,99999,0.0,0.0,0,518720,3.0,3.5,99999,5818,1
5235,32.925,2.86100308929,15923,21227,0,4,99999,99999,99999,99999,0,99999,99999,99999,99999,0.0,0.0,0,518720,3.0,3.5,99999,5819,1
5240,32.875,2.9110030892900003,15923,21227,0,4,99999,99999,99999,99999,0,99999,99999,99999,99999,0.0,0.0,0,519183,3.0,3.5,99999,5824,1
5241,32.925,2.9110030892900003,15923,21227,0,4,99999,99999,99999,99999,0,99999,99999,99999,99999,0.0,0.0,0,519183,3.0,3.5,99999,5825,1
5242,32.875,2.86100308929,15923,21227,0,4,99999,99999,99999,99999,0,99999,99999,99999,99999,0.0,0.0,0,519183,3.0,3.5,99999,5826,1
5243,32.925,2.86100308929,15923,21227,0,4,99999,99999,99999,99999,0,99999,99999,99999,99999,0.0,0.0,0,519183,3.0,3.5,99999,5827,1
5278,32.925,3.0110030892900004,15923,21227,0,4,99999,99999,99999,99999,0,99999,99999,99999,99999,0.0,0.0,0,528086,3.0,16.0,99999,5862,1
5279,32.875,2.96100308929,15923,21227,0,4,99999,99999,99999,99999,0,99999,99999,99999,99999,0.0,0.0,0,528086,3.0,3.5,99999,5863,1
5280,32.925,2.96100308929,15923,21227,0,4,99999,99999,99999,99999,0,99999,99999,99999,99999,0.0,0.0,0,528086,3.0,16.0,99999,5864,1
5291,32.775,2.7610030892900004,19192,25585,0,4,99999,99999,99999,99999,0,99999,99999,99999,99999,0.0,0.0,0,506412,3.0,3.5,99999,5878,1
5308,32.725,2.81100308929,19192,25585,0,4,99999,99999,99999,99999,0,99999,99999,99999,99999,0.0,0.0,0,507556,3.0,3.5,99999,5895,1
5349,33.025,2.9110030892900003,12082,16106,0,4,99999,99999,99999,99999,0,99999,99999,99999,99999,0.0,0.0,0,520764,3.0,16.0,99999,5951,1
5380,33.125,2.9110030892900003,12082,16106,0,4,99999,99999,99999,99999,0,99999,99999,99999,99999,0.0,0.0,0,520277,3.0,16.0,99999,5990,1
5407,33.125,2.9110030892900003,12082,16106,0,4,99999,99999,99999,99999,0,99999,99999,99999,99999,0.0,0.0,0,518873,3.0,16.0,99999,6054,1
5408,33.125,2.86100308929,12082,16106,0,4,99999,99999,99999,99999,0,99999,99999,99999,99999,0.0,0.0,0,518873,3.0,3.5,99999,6055,1
5409,33.075,2.9110030892900003,0,0,1,4,99999,99999,99999,99999,0,99999,99999,99999,99999,0.0,0.0,0,518873,3.0,16.0,99999,6056,1
5410,33.075,2.86100308929,0,0,1,4,99999,99999,99999,99999,0,99999,99999,99999,99999,0.0,0.0,0,518873,3.0,3.5,99999,6057,1
5419,33.125,2.9110030892900003,12082,16106,0,4,99999,99999,99999,99999,0,99999,99999,99999,99999,0.0,0.0,0,518972,3.0,16.0,99999,6070,1
5420,33.125,2.86100308929,12082,16106,0,4,99999,99999,99999,99999,0,99999,99999,99999,99999,0.0,0.0,0,518972,3.0,3.5,99999,6071,1
5421,33.075,2.9110030892900003,0,0,1,4,99999,99999,99999,99999,0,99999,99999,99999,99999,0.0,0.0,0,518972,3.0,16.0,99999,6072,1
5422,33.075,2.86100308929,0,0,1,4,99999,99999,99999,99999,0,99999,99999,99999,99999,0.0,0.0,0,518972,3.0,3.5,99999,6073,1
5423,33.125,2.9110030892900003,12082,16106,0,4,99999,99999,99999,99999,0,99999,99999,99999,99999,0.0,0.0,0,518984,3.0,16.0,99999,6074,1
5424,33.125,2.86100308929,12082,16106,0,4,99999,99999,99999,99999,0,99999,99999,99999,99999,0.0,0.0,0,518984,3.0,3.5,99999,6075,1
5425,33.075,2.9110030892900003,0,0,1,4,99999,99999,99999,99999,0,99999,99999,99999,99999,0.0,0.0,0,518984,3.0,16.0,99999,6076,1
5426,33.075,2.86100308929,0,0,1,4,99999,99999,99999,99999,0,99999,99999,99999,99999,0.0,0.0,0,518984,3.0,3.5,99999,6077,1
5427,33.125,2.9110030892900003,12082,16106,0,4,99999,99999,99999,99999,0,99999,99999,99999,99999,0.0,0.0,0,519617,3.0,16.0,99999,6086,1
5428,33.125,2.86100308929,12082,16106,0,4,99999,99999,99999,99999,0,99999,99999,99999,99999,0.0,0.0,0,519617,3.0,3.5,99999,6087,1
5429,33.075,2.9110030892900003,0,0,1,4,99999,99999,99999,99999,0,99999,99999,99999,99999,0.0,0.0,0,519617,3.0,16.0,99999,6088,1
5430,33.075,2.86100308929,0,0,1,4,99999,99999,99999,99999,0,99999,99999,99999,99999,0.0,0.0,0,519617,3.0,3.5,99999,6089,1
5437,33.175,2.9110030892900003,12082,16106,0,4,99999,99999,99999,99999,0,99999,99999,99999,99999,0.0,0.0,0,523551,3.0,16.0,99999,6120,1
5483,32.925,2.7610030892900004,12082,16106,0,4,99999,99999,99999,99999,0,99999,99999,99999,99999,0.0,0.0,0,505862,3.0,3.5,99999,6190,1
5484,32.975,2.7610030892900004,12082,16106,0,4,99999,99999,99999,99999,0,99999,99999,99999,99999,0.0,0.0,0,505862,3.0,3.5,99999,6191,1
5485,32.975,2.81100308929,12082,16106,0,4,99999,99999,99999,99999,0,99999,99999,99999,99999,0.0,0.0,0,505862,3.0,3.5,99999,6192,1
5486,32.925,2.7610030892900004,12082,16106,0,4,99999,99999,99999,99999,0,99999,99999,99999,99999,0.0,0.0,0,505888,3.0,3.5,99999,6193,1
5487,32.975,2.7610030892900004,12082,16106,0,4,99999,99999,99999,99999,0,99999,99999,99999,99999,0.0,0.0,0,505888,3.0,3.5,99999,6194,1
5488,32.975,2.81100308929,12082,16106,0,4,99999,99999,99999,99999,0,99999,99999,99999,99999,0.0,0.0,0,505888,3.0,3.5,99999,6195,1
5489,32.925,2.7610030892900004,12082,16106,0,4,99999,99999,99999,99999,0,99999,99999,99999,99999,0.0,0.0,0,505925,3.0,3.5,99999,6196,1
5490,32.975,2.7610030892900004,12082,16106,0,4,99999,99999,99999,99999,0,99999,99999,99999,99999,0.0,0.0,0,505925,3.0,3.5,99999,6197,1
5491,32.975,2.81100308929,12082,16106,0,4,99999,99999,99999,99999,0,99999,99999,99999,99999,0.0,0.0,0,505925,3.0,3.5,99999,6198,1
5504,32.925,2.7610030892900004,12082,16106,0,4,99999,99999,99999,99999,0,99999,99999,99999,99999,0.0,0.0,0,506254,3.0,3.5,99999,6229,1
5505,32.975,2.7610030892900004,12082,16106,0,4,99999,99999,99999,99999,0,99999,99999,99999,99999,0.0,0.0,0,506254,3.0,3.5,99999,6230,1
5506,32.975,2.81100308929,12082,16106,0,4,99999,99999,99999,99999,0,99999,99999,99999,99999,0.0,0.0,0,506254,3.0,3.5,99999,6231,1
5527,32.925,2.7610030892900004,12082,16106,0,4,99999,99999,99999,99999,0,99999,99999,99999,99999,0.0,0.0,0,503103,3.0,3.5,99999,6261,1
5534,32.875,2.71100308929,19192,25585,0,4,99999,99999,99999,99999,0,99999,99999,99999,99999,0.0,0.0,0,503240,3.0,16.0,99999,6268,1
5537,32.925,2.71100308929,19192,25585,0,4,99999,99999,99999,99999,0,99999,99999,99999,99999,0.0,0.0,0,504790,3.0,16.0,99999,6271,1
5575,32.975,2.7610030892900004,12082,16106,0,4,99999,99999,99999,99999,0,99999,99999,99999,99999,0.0,0.0,0,506415,3.0,3.5,99999,6311,1
5576,33.025,2.81100308929,12082,16106,0,4,99999,99999,99999,99999,0,99999,99999,99999,99999,0.0,0.0,0,506415,3.0,16.0,99999,6312,1
5577,33.025,2.7610030892900004,26514,35346,0,4,99999,99999,99999,99999,0,99999,99999,99999,99999,0.0,0.0,0,506415,3.0,3.5,99999,6313,1
5578,32.975,2.7610030892900004,12082,16106,0,4,99999,99999,99999,99999,0,99999,99999,99999,99999,0.0,0.0,0,506420,3.0,3.5,99999,6314,1
5579,33.025,2.81100308929,12082,16106,0,4,99999,99999,99999,99999,0,99999,99999,99999,99999,0.0,0.0,0,506420,3.0,16.0,99999,6315,1
5580,33.025,2.7610030892900004,26514,35346,0,4,99999,99999,99999,99999,0,99999,99999,99999,99999,0.0,0.0,0,506420,3.0,3.5,99999,6316,1
5581,32.975,2.7610030892900004,12082,16106,0,4,99999,99999,99999,99999,0,99999,99999,99999,99999,0.0,0.0,0,506512,3.0,3.5,99999,6317,1
5584,32.975,2.7610030892900004,12082,16106,0,4,99999,99999,99999,99999,0,99999,99999,99999,99999,0.0,0.0,0,506615,3.0,3.5,99999,6320,1
5600,32.975,2.7610030892900004,12082,16106,0,4,99999,99999,99999,99999,0,99999,99999,99999,99999,0.0,0.0,0,507279,3.0,3.5,99999,6336,1
5601,32.975,2.81100308929,12082,16106,0,4,99999,99999,99999,99999,0,99999,99999,99999,99999,0.0,0.0,0,507279,3.0,3.5,99999,6337,1
5602,33.025,2.81100308929,12082,16106,0,4,99999,99999,99999,99999,0,99999,99999,99999,99999,0.0,0.0,0,507279,3.0,16.0,99999,6338,1
5603,33.025,2.7610030892900004,26514,35346,0,4,99999,99999,99999,99999,0,99999,99999,99999,99999,0.0,0.0,0,507279,3.0,3.5,99999,6339,1
5608,32.975,2.7610030892900004,12082,16106,0,4,99999,99999,99999,99999,0,99999,99999,99999,99999,0.0,0.0,0,507659,3.0,3.5,99999,6344,1
5609,32.975,2.81100308929,12082,16106,0,4,99999,99999,99999,99999,0,99999,99999,99999,99999,0.0,0.0,0,507659,3.0,3.5,99999,6345,1
5610,33.025,2.81100308929,12082,16106,0,4,99999,99999,99999,99999,0,99999,99999,99999,99999,0.0,0.0,0,507659,3.0,16.0,99999,6346,1
5611,33.025,2.7610030892900004,26514,35346,0,4,99999,99999,99999,99999,0,99999,99999,99999,99999,0.0,0.0,0,507659,3.0,3.5,99999,6347,1
5616,32.975,2.7610030892900004,12082,16106,0,4,99999,99999,99999,99999,0,99999,99999,99999,99999,0.0,0.0,0,507770,3.0,3.5,99999,6352,1
5617,32.975,2.81100308929,12082,16106,0,4,99999,99999,99999,99999,0,99999,99999,99999,99999,0.0,0.0,0,507770,3.0,3.5,99999,6353,1
5618,33.025,2.81100308929,12082,16106,0,4,99999,99999,99999,99999,0,99999,99999,99999,99999,0.0,0.0,0,507770,3.0,16.0,99999,6354,1
5619,33.025,2.7610030892900004,26514,35346,0,4,99999,99999,99999,99999,0,99999,99999,99999,99999,0.0,0.0,0,507770,3.0,3.5,99999,6355,1
5632,32.975,2.7610030892900004,12082,16106,0,4,99999,99999,99999,99999,0,99999,99999,99999,99999,0.0,0.0,0,509149,3.0,3.5,99999,6368,1
5633,32.975,2.81100308929,12082,16106,0,4,99999,99999,99999,99999,0,99999,99999,99999,99999,0.0,0.0,0,509149,3.0,3.5,99999,6369,1
5634,33.025,2.81100308929,12082,16106,0,4,99999,99999,99999,99999,0,99999,99999,99999,99999,0.0,0.0,0,509149,3.0,16.0,99999,6370,1
5635,33.025,2.7610030892900004,26514,35346,0,4,99999,99999,99999,99999,0,99999,99999,99999,99999,0.0,0.0,0,509149,3.0,3.5,99999,6371,1
5658,33.075,2.86100308929,0,0,1,4,99999,99999,99999,99999,0,99999,99999,99999,99999,0.0,0.0,0,516249,3.0,3.5,99999,6397,1
5674,33.125,2.81100308929,26514,35346,0,4,99999,99999,99999,99999,0,99999,99999,99999,99999,0.0,0.0,0,511918,3.0,16.0,99999,6416,1
5725,33.075,2.86100308929,0,0,1,4,99999,99999,99999,99999,0,99999,99999,99999,99999,0.0,0.0,0,516974,3.0,3.5,99999,6549,1
5727,33.075,2.9110030892900003,0,0,1,4,99999,99999,99999,99999,0,99999,99999,99999,99999,0.0,0.0,0,516982,3.0,16.0,99999,6551,1
5744,32.975,2.81100308929,12082,16106,0,4,99999,99999,99999,99999,0,99999,99999,99999,99999,0.0,0.0,0,508903,3.0,3.5,99999,6585,1
5745,33.025,2.81100308929,12082,16106,0,4,99999,99999,99999,99999,0,99999,99999,99999,99999,0.0,0.0,0,508903,3.0,16.0,99999,6586,1
5746,33.025,2.7610030892900004,26514,35346,0,4,99999,99999,99999,99999,0,99999,99999,99999,99999,0.0,0.0,0,508903,3.0,3.5,99999,6587,1
5750,32.975,2.81100308929,12082,16106,0,4,99999,99999,99999,99999,0,99999,99999,99999,99999,0.0,0.0,0,508957,3.0,3.5,99999,6594,1
5751,33.025,2.81100308929,12082,16106,0,4,99999,99999,99999,99999,0,99999,99999,99999,99999,0.0,0.0,0,508957,3.0,16.0,99999,6595,1
5752,33.025,2.7610030892900004,26514,35346,0,4,99999,99999,99999,99999,0,99999,99999,99999,99999,0.0,0.0,0,508957,3.0,3.5,99999,6596,1
5756,32.975,2.81100308929,12082,16106,0,4,99999,99999,99999,99999,0,99999,99999,99999,99999,0.0,0.0,0,509288,3.0,3.5,99999,6600,1
5757,33.025,2.81100308929,12082,16106,0,4,99999,99999,99999,99999,0,99999,99999,99999,99999,0.0,0.0,0,509288,3.0,16.0,99999,6601,1
5758,33.025,2.7610030892900004,26514,35346,0,4,99999,99999,99999,99999,0,99999,99999,99999,99999,0.0,0.0,0,509288,3.0,3.5,99999,6602,1
5769,33.025,2.7610030892900004,26514,35346,0,4,99999,99999,99999,99999,0,99999,99999,99999,99999,0.0,0.0,0,501986,3.0,3.5,99999,6649,1
5770,33.075,2.7610030892900004,26514,35346,0,4,99999,99999,99999,99999,0,99999,99999,99999,99999,0.0,0.0,0,501986,3.0,3.5,99999,6650,1
5771,33.075,2.71100308929,26514,35346,0,4,99999,99999,99999,99999,0,99999,99999,99999,99999,0.0,0.0,0,501986,3.0,3.5,99999,6651,1
5772,33.025,2.71100308929,14396,19191,0,4,99999,99999,99999,99999,0,99999,99999,99999,99999,0.0,0.0,0,501986,3.0,3.5,99999,6652,1
5786,33.075,2.7610030892900004,26514,35346,0,4,99999,99999,99999,99999,0,99999,99999,99999,99999,0.0,0.0,0,502208,3.0,3.5,99999,6666,1
5824,33.125,2.7610030892900004,26514,35346,0,4,57,55,99999,0,0,99999,99999,99999,99999,510659.0,304881.0,0,504881,3.0,3.5,99999,6704,3
5832,33.075,2.81100308929,26514,35346,0,4,99999,99999,99999,99999,0,99999,99999,99999,99999,0.0,0.0,0,505777,3.0,3.5,99999,6712,1
5849,33.125,2.7610030892900004,26514,35346,0,4,99999,172,99999,99999,0,99999,99999,99999,99999,0.0,0.0,0,507360,3.0,3.5,99999,6729,1
5859,33.125,2.7610030892900004,26514,35346,0,4,99999,99999,99999,99999,0,99999,99999,99999,99999,0.0,0.0,0,507636,3.0,3.5,99999,6739,1
5860,33.175,2.7610030892900004,26514,35346,0,4,99999,99999,99999,99999,0,99999,99999,99999,99999,0.0,0.0,0,507636,3.0,16.0,99999,6740,1
5861,33.175,2.81100308929,26514,35346,0,4,99999,99999,99999,99999,0,99999,99999,99999,99999,0.0,0.0,0,507636,3.0,16.0,99999,6741,1
5872,33.125,2.7610030892900004,26514,35346,0,4,99999,99999,99999,99999,0,99999,99999,99999,99999,0.0,0.0,0,508019,3.0,3.5,99999,6756,1
5873,33.175,2.7610030892900004,26514,35346,0,4,99999,99999,99999,99999,0,99999,99999,99999,99999,0.0,0.0,0,508019,3.0,16.0,99999,6757,1
5874,33.125,2.81100308929,26514,35346,0,4,99999,99999,99999,99999,0,99999,99999,99999,99999,0.0,0.0,0,508019,3.0,16.0,99999,6758,1
5875,33.175,2.81100308929,26514,35346,0,4,99999,99999,99999,99999,0,99999,99999,99999,99999,0.0,0.0,0,508019,3.0,16.0,99999,6759,1
5901,33.225,2.7610030892900004,17353,23133,0,4,99999,99999,99999,99999,0,99999,99999,99999,99999,0.0,0.0,0,502479,3.0,16.0,99999,6790,1
5914,33.175,2.7610030892900004,26514,35346,0,4,99999,99999,99999,99999,0,99999,99999,99999,99999,0.0,0.0,0,507994,3.0,16.0,99999,6807,1
5915,33.175,2.81100308929,26514,35346,0,4,99999,99999,99999,99999,0,99999,99999,99999,99999,0.0,0.0,0,507994,3.0,16.0,99999,6808,1
5925,33.175,2.81100308929,26514,35346,0,4,99999,99999,99999,99999,0,99999,99999,99999,99999,0.0,0.0,0,509797,3.0,16.0,99999,6818,1
5939,33.175,2.86100308929,26514,35346,0,4,99999,99999,99999,99999,0,99999,99999,99999,99999,0.0,0.0,0,512329,3.0,3.5,99999,6832,1
5940,33.125,2.81100308929,26514,35346,0,4,99999,99999,99999,99999,0,99999,99999,99999,99999,0.0,0.0,0,512329,3.0,16.0,99999,6833,1
5941,33.175,2.81100308929,26514,35346,0,4,99999,99999,99999,99999,0,99999,99999,99999,99999,0.0,0.0,0,512329,3.0,16.0,99999,6834,1
5948,33.175,2.86100308929,26514,35346,0,4,99999,99999,99999,99999,0,99999,99999,99999,99999,0.0,0.0,0,512503,3.0,3.5,99999,6841,1
5949,33.125,2.81100308929,26514,35346,0,4,99999,99999,99999,99999,0,99999,99999,99999,99999,0.0,0.0,0,512503,3.0,16.0,99999,6842,1
5950,33.175,2.81100308929,26514,35346,0,4,99999,99999,99999,99999,0,99999,99999,99999,99999,0.0,0.0,0,512503,3.0,16.0,99999,6843,1
5958,33.225,2.86100308929,26514,35346,0,4,99999,99999,99999,99999,0,99999,99999,99999,99999,0.0,0.0,0,513268,3.0,3.5,99999,6851,1
5962,33.225,2.86100308929,26514,35346,0,4,99999,99999,99999,99999,0,99999,99999,99999,99999,0.0,0.0,0,516357,3.0,3.5,99999,6855,1
5978,33.125,2.81100308929,26514,35346,0,4,99999,99999,99999,99999,0,99999,99999,99999,99999,0.0,0.0,0,510802,3.0,16.0,99999,6875,1
5987,33.225,2.81100308929,26514,35346,0,4,99999,99999,99999,99999,0,99999,99999,99999,99999,0.0,0.0,0,505458,3.0,16.0,99999,6884,1
5988,33.225,2.7610030892900004,17353,23133,0,4,99999,99999,99999,99999,0,99999,99999,99999,99999,0.0,0.0,0,505458,3.0,16.0,99999,6885,1
5989,33.275,2.7610030892900004,29814,39745,0,4,99999,99999,99999,99999,0,99999,99999,99999,99999,0.0,0.0,0,505458,3.0,3.5,99999,6886,1
5993,33.225,2.81100308929,26514,35346,0,4,99999,99999,99999,99999,0,99999,99999,99999,99999,0.0,0.0,0,506310,3.0,16.0,99999,6910,1
5994,33.225,2.7610030892900004,17353,23133,0,4,99999,99999,99999,99999,0,99999,99999,99999,99999,0.0,0.0,0,506310,3.0,16.0,99999,6911,1
5995,33.275,2.7610030892900004,29814,39745,0,4,99999,99999,99999,99999,0,99999,99999,99999,99999,0.0,0.0,0,506310,3.0,3.5,99999,6912,1
6003,33.225,2.81100308929,26514,35346,0,4,99999,99999,99999,99999,0,99999,99999,99999,99999,0.0,0.0,0,506552,3.0,16.0,99999,6927,1
6004,33.225,2.7610030892900004,17353,23133,0,4,99999,99999,99999,99999,0,99999,99999,99999,99999,0.0,0.0,0,506552,3.0,16.0,99999,6928,1
6005,33.275,2.7610030892900004,29814,39745,0,4,99999,99999,99999,99999,0,99999,99999,99999,99999,0.0,0.0,0,506552,3.0,3.5,99999,6929,1
6008,33.225,2.81100308929,26514,35346,0,4,99999,99999,99999,99999,0,99999,99999,99999,99999,0.0,0.0,0,506769,3.0,16.0,99999,6932,1
6009,33.225,2.7610030892900004,17353,23133,0,4,99999,99999,99999,99999,0,99999,99999,99999,99999,0.0,0.0,0,506769,3.0,16.0,99999,6933,1
6010,33.275,2.7610030892900004,29814,39745,0,4,99999,99999,99999,99999,0,99999,99999,99999,99999,0.0,0.0,0,506769,3.0,3.5,99999,6934,1
6024,33.225,2.7610030892900004,17353,23133,0,4,99999,99999,99999,99999,0,99999,99999,99999,99999,0.0,0.0,0,509036,3.0,16.0,99999,6948,1
6058,33.275,2.86100308929,15055,20070,0,4,99999,99999,99999,99999,0,99999,99999,99999,99999,0.0,0.0,0,516218,3.0,3.5,99999,6986,1
6059,33.325,2.86100308929,15055,20070,0,4,99999,99999,99999,99999,0,99999,99999,99999,99999,0.0,0.0,0,516218,3.0,16.0,99999,6987,1
6060,33.325,2.86100308929,15055,20070,0,4,99999,99999,99999,99999,0,99999,99999,99999,99999,0.0,0.0,0,511707,3.0,16.0,99999,6988,1
6063,33.325,2.86100308929,15055,20070,0,4,99999,99999,99999,99999,0,99999,99999,99999,99999,0.0,0.0,0,511777,3.0,16.0,99999,6991,1
6064,33.325,2.81100308929,15055,20070,0,4,99999,99999,99999,99999,0,99999,99999,99999,99999,0.0,0.0,0,511777,3.0,3.5,99999,6992,1
6065,33.375,2.81100308929,15055,20070,0,4,99999,99999,99999,99999,0,99999,99999,99999,99999,0.0,0.0,0,511777,3.0,3.5,99999,6993,1
6069,33.325,2.86100308929,15055,20070,0,4,99999,99999,99999,99999,0,99999,99999,99999,99999,0.0,0.0,0,512986,3.0,16.0,99999,6997,1
6070,33.375,2.86100308929,15055,20070,0,4,99999,99999,99999,99999,0,99999,99999,99999,99999,0.0,0.0,0,512986,3.0,16.0,99999,6998,1
6071,33.325,2.81100308929,15055,20070,0,4,99999,99999,99999,99999,0,99999,99999,99999,99999,0.0,0.0,0,512986,3.0,3.5,99999,6999,1
6072,33.375,2.81100308929,15055,20070,0,4,99999,99999,99999,99999,0,99999,99999,99999,99999,0.0,0.0,0,512986,3.0,3.5,99999,7000,1
6073,33.325,2.86100308929,15055,20070,0,4,99999,99999,99999,99999,0,99999,99999,99999,99999,0.0,0.0,0,513030,3.0,16.0,99999,7005,1
6074,33.375,2.86100308929,15055,20070,0,4,99999,99999,99999,99999,0,99999,99999,99999,99999,0.0,0.0,0,513030,3.0,16.0,99999,7006,1
6075,33.325,2.81100308929,15055,20070,0,4,99999,99999,99999,99999,0,99999,99999,99999,99999,0.0,0.0,0,513030,3.0,3.5,99999,7007,1
6076,33.375,2.81100308929,15055,20070,0,4,99999,99999,99999,99999,0,99999,99999,99999,99999,0.0,0.0,0,513030,3.0,3.5,99999,7008,1
6081,33.325,2.86100308929,15055,20070,0,4,99999,99999,99999,99999,0,99999,99999,99999,99999,0.0,0.0,0,513169,3.0,16.0,99999,7021,1
6082,33.375,2.86100308929,15055,20070,0,4,99999,99999,99999,99999,0,99999,99999,99999,99999,0.0,0.0,0,513169,3.0,16.0,99999,7022,1
6083,33.325,2.81100308929,15055,20070,0,4,99999,99999,99999,99999,0,99999,99999,99999,99999,0.0,0.0,0,513169,3.0,3.5,99999,7023,1
6084,33.375,2.81100308929,15055,20070,0,4,99999,99999,99999,99999,0,99999,99999,99999,99999,0.0,0.0,0,513169,3.0,3.5,99999,7024,1
6085,33.325,2.86100308929,15055,20070,0,4,99999,99999,99999,99999,0,99999,99999,99999,99999,0.0,0.0,0,513335,3.0,16.0,99999,7037,1
6086,33.375,2.86100308929,15055,20070,0,4,99999,99999,99999,99999,0,99999,99999,99999,99999,0.0,0.0,0,513335,3.0,16.0,99999,7038,1
6087,33.325,2.81100308929,15055,20070,0,4,99999,99999,99999,99999,0,99999,99999,99999,99999,0.0,0.0,0,513335,3.0,3.5,99999,7039,1
6088,33.375,2.81100308929,15055,20070,0,4,99999,99999,99999,99999,0,99999,99999,99999,99999,0.0,0.0,0,513335,3.0,3.5,99999,7040,1
6097,33.325,2.86100308929,15055,20070,0,4,99999,99999,99999,99999,0,99999,99999,99999,99999,0.0,0.0,0,513512,3.0,16.0,99999,7057,1
6098,33.375,2.86100308929,15055,20070,0,4,99999,99999,99999,99999,0,99999,99999,99999,99999,0.0,0.0,0,513512,3.0,16.0,99999,7058,1
6099,33.325,2.81100308929,15055,20070,0,4,99999,99999,99999,99999,0,99999,99999,99999,99999,0.0,0.0,0,513512,3.0,3.5,99999,7059,1
6100,33.375,2.81100308929,15055,20070,0,4,99999,99999,99999,99999,0,99999,99999,99999,99999,0.0,0.0,0,513512,3.0,3.5,99999,7060,1
6101,33.325,2.86100308929,15055,20070,0,4,99999,99999,99999,99999,0,99999,99999,99999,99999,0.0,0.0,0,513574,3.0,16.0,99999,7065,1
6102,33.375,2.86100308929,15055,20070,0,4,99999,99999,99999,99999,0,99999,99999,99999,99999,0.0,0.0,0,513574,3.0,16.0,99999,7066,1
6103,33.325,2.81100308929,15055,20070,0,4,99999,99999,99999,99999,0,99999,99999,99999,99999,0.0,0.0,0,513574,3.0,3.5,99999,7067,1
6104,33.375,2.81100308929,15055,20070,0,4,99999,99999,99999,99999,0,99999,99999,99999,99999,0.0,0.0,0,513574,3.0,3.5,99999,7068,1
6111,33.325,2.86100308929,15055,20070,0,4,99999,99999,99999,99999,0,99999,99999,99999,99999,0.0,0.0,0,513650,3.0,16.0,99999,7083,1
6112,33.375,2.86100308929,15055,20070,0,4,99999,99999,99999,99999,0,99999,99999,99999,99999,0.0,0.0,0,513650,3.0,16.0,99999,7084,1
6113,33.325,2.81100308929,15055,20070,0,4,99999,99999,99999,99999,0,99999,99999,99999,99999,0.0,0.0,0,513650,3.0,3.5,99999,7085,1
6114,33.375,2.81100308929,15055,20070,0,4,99999,99999,99999,99999,0,99999,99999,99999,99999,0.0,0.0,0,513650,3.0,3.5,99999,7086,1
6119,33.325,2.86100308929,15055,20070,0,4,99999,99999,99999,99999,0,99999,99999,99999,99999,0.0,0.0,0,513863,3.0,16.0,99999,7107,1
6120,33.375,2.86100308929,15055,20070,0,4,99999,99999,99999,99999,0,99999,99999,99999,99999,0.0,0.0,0,513863,3.0,16.0,99999,7108,1
6121,33.325,2.81100308929,15055,20070,0,4,99999,99999,99999,99999,0,99999,99999,99999,99999,0.0,0.0,0,513863,3.0,3.5,99999,7109,1
6122,33.375,2.81100308929,15055,20070,0,4,99999,99999,99999,99999,0,99999,99999,99999,99999,0.0,0.0,0,513863,3.0,3.5,99999,7110,1
6166,33.325,2.81100308929,15055,20070,0,4,99999,99999,99999,99999,0,99999,99999,99999,99999,0.0,0.0,0,505897,3.0,3.5,99999,7166,1
6167,33.275,2.7610030892900004,29814,39745,0,4,99999,99999,99999,99999,0,99999,99999,99999,99999,0.0,0.0,0,505897,3.0,3.5,99999,7167,1
6168,33.325,2.7610030892900004,29814,39745,0,4,99999,99999,99999,99999,0,99999,99999,99999,99999,0.0,0.0,0,505897,3.0,3.5,99999,7168,1
6178,33.325,2.81100308929,15055,20070,0,4,99999,99999,99999,99999,0,99999,99999,99999,99999,0.0,0.0,0,505977,3.0,3.5,99999,7178,1
6179,33.275,2.7610030892900004,29814,39745,0,4,99999,99999,99999,99999,0,99999,99999,99999,99999,0.0,0.0,0,505977,3.0,3.5,99999,7179,1
6180,33.325,2.7610030892900004,29814,39745,0,4,99999,99999,99999,99999,0,99999,99999,99999,99999,0.0,0.0,0,505977,3.0,3.5,99999,7180,1
6205,33.325,2.81100308929,15055,20070,0,4,99999,99999,99999,99999,0,99999,99999,99999,99999,0.0,0.0,0,509130,3.0,3.5,99999,7205,1
6206,33.325,2.7610030892900004,29814,39745,0,4,99999,99999,99999,99999,0,99999,99999,99999,99999,0.0,0.0,0,509130,3.0,3.5,99999,7206,1
6207,33.275,2.81100308929,29814,39745,0,4,99999,99999,99999,99999,0,99999,99999,99999,99999,0.0,0.0,0,509130,3.0,3.5,99999,7207,1
6212,33.325,2.7610030892900004,29814,39745,0,4,99999,99999,99999,99999,0,99999,99999,99999,99999,0.0,0.0,0,509437,3.0,3.5,99999,7212,1
6219,33.325,2.81100308929,15055,20070,0,4,99999,99999,99999,99999,0,99999,99999,99999,99999,0.0,0.0,0,510165,3.0,3.5,99999,7223,1
6220,33.375,2.81100308929,15055,20070,0,4,99999,99999,99999,99999,0,99999,99999,99999,99999,0.0,0.0,0,510165,3.0,3.5,99999,7224,1
6221,33.375,2.7610030892900004,18615,24815,0,4,99999,99999,99999,99999,0,99999,99999,99999,99999,0.0,0.0,0,510165,3.0,3.5,99999,7225,1
6223,33.275,2.81100308929,29814,39745,0,4,99999,99999,99999,99999,0,99999,99999,99999,99999,0.0,0.0,0,511273,3.0,3.5,99999,7227,1
6238,33.425,2.9110030892900003,13935,18577,0,4,99999,99999,99999,99999,0,99999,99999,99999,99999,0.0,0.0,0,524275,3.0,16.0,99999,7242,1
6250,33.425,2.96100308929,13935,18577,0,4,99999,99999,99999,99999,0,99999,99999,99999,99999,0.0,0.0,0,525199,3.0,3.5,99999,7254,1
6256,33.475,2.86100308929,13935,18577,0,4,99999,99999,99999,99999,0,99999,99999,99999,99999,0.0,0.0,0,521651,3.0,3.5,99999,7260,1
6268,33.475,2.96100308929,13935,18577,0,4,99999,99999,99999,99999,0,99999,99999,99999,99999,0.0,0.0,0,525061,3.0,16.0,99999,7280,1
6278,33.475,2.9110030892900003,13935,18577,0,4,99999,99999,99999,99999,0,99999,99999,99999,99999,0.0,0.0,0,525214,3.0,16.0,99999,7290,1
6353,33.475,2.9110030892900003,13935,18577,0,4,99999,99999,99999,99999,0,99999,99999,99999,99999,0.0,0.0,0,517349,3.0,16.0,99999,7388,1
6361,33.425,3.0110030892900004,13935,18577,0,4,99999,607,99999,99999,0,99999,99999,99999,99999,0.0,0.0,0,529698,3.0,3.5,99999,7408,4
6362,33.475,3.0110030892900004,13935,18577,0,4,99999,607,99999,99999,0,99999,99999,99999,99999,0.0,0.0,0,529698,3.0,3.5,99999,7409,4
6363,33.425,2.96100308929,13935,18577,0,4,99999,607,99999,99999,0,99999,99999,99999,99999,0.0,0.0,0,529698,3.0,3.5,99999,7410,4
6364,33.475,2.96100308929,13935,18577,0,4,99999,607,99999,99999,0,99999,99999,99999,99999,0.0,0.0,0,529698,3.0,16.0,99999,7411,4
6388,33.425,2.96100308929,13935,18577,0,4,99999,99999,99999,99999,0,99999,99999,99999,99999,0.0,0.0,0,529610,3.0,3.5,99999,7435,1
6427,32.825,3.46100308929,11869,15024,0,3,141,707,48,113,0,4,50,8,0.4,3.0,33.0,0,585441,3.0,3.5,50,7487,7
6430,32.775,3.46100308929,11869,15024,0,3,107,99999,99999,99999,0,99999,99999,99999,99999,385692.0,479355.0,0,585692,3.0,16.0,99999,7494,11
6442,32.825,3.4110030892900003,11869,15024,0,3,530,99999,31,115,0,99999,99999,99999,99999,379019.0,483875.0,0,579019,3.0,16.0,99999,7513,7
6448,32.875,3.4110030892900003,12667,16035,0,3,530,497,79,116,0,4,52,26.73,1.4,482610.0,379681.0,6,579681,3.0,3.5,52,7519,7
6479,32.875,3.5110030892900004,12667,16035,0,3,81,71,99999,0,0,99999,99999,99999,99999,483260.0,383936.0,0,583936,3.0,3.5,99999,7550,7
6526,32.825,3.5110030892900004,12667,16035,0,3,585,204,99999,0,0,99999,99999,99999,99999,480348.0,385000.0,0,585000,3.0,3.5,99999,7597,7
6560,32.875,3.36100308929,8793,11131,0,3,643,140,31,112,0,4,99999,99999,99999,484257.0,373862.0,0,573862,3.0,16.0,99999,7631,1
6674,32.975,3.36100308929,15060,19064,0,2,884,99999,99999,99999,0,99999,99999,99999,99999,373124.0,496496.0,0,573124,3.0,3.5,99999,7762,11
6697,32.975,3.4110030892900003,15060,19064,0,2,203,99999,99999,90,0,99999,99999,99999,99999,375775.0,501500.0,0,575775,3.0,16.0,99999,7785,7
6698,33.025,3.4110030892900003,15060,19064,0,2,203,99999,99999,90,0,99999,99999,99999,99999,375775.0,501500.0,0,575775,3.0,3.5,99999,7786,7
6699,33.025,3.36100308929,15060,19064,0,2,203,99999,99999,90,0,99999,99999,99999,99999,375775.0,501500.0,0,575775,3.0,3.5,99999,7787,7
6705,33.025,3.36100308929,15060,19064,0,2,625,489,31,114,0,99999,99999,99999,99999,502518.0,376769.0,0,576769,3.0,3.5,99999,7793,7
6739,33.025,3.4110030892900003,15060,19064,0,2,625,811,48,112,0,4,44,25.36,6,503861.0,373170.0,0,573170,3.0,3.5,44,7829,7
6755,33.075,3.4110030892900003,15060,19064,0,2,933,1013,99999,0,99999,99999,99999,99999,99999,505357.0,377300.0,0,577300,3.0,16.0,99999,7845,7
6777,33.175,3.4110030892900003,15060,19064,0,2,419,99999,7,116,0,4,99999,99999,99999,374486.0,515685.0,0,574486,3.0,3.5,99999,7867,1
6780,32.975,3.36100308929,15060,19064,0,2,402,390,48,112,0,4,45,7.11,2.4,3.0,32.0,0,566290,3.0,3.5,45,7870,7
6791,33.025,3.31100308929,11666,14767,0,2,635,600,8,116,0,4,61,19.35,0.6,498547.0,367312.0,6,567312,3.0,3.5,61,7881,7
6802,32.975,3.31100308929,11666,14767,0,2,472,99999,99999,99999,0,99999,99999,99999,99999,368496.0,500968.0,0,568496,3.0,3.5,99999,7892,11
6815,32.975,3.36100308929,15060,19064,0,2,40,99999,99999,91,99999,4,99999,99999,99999,372028.0,500481.0,0,572028,3.0,3.5,99999,7905,6
6816,33.025,3.36100308929,15060,19064,0,2,40,99999,99999,91,99999,4,99999,99999,99999,372028.0,500481.0,0,572028,3.0,3.5,99999,7906,6
6822,32.925,3.31100308929,8793,11131,0,2,500,712,99999,0,0,99999,63,99999,5.5,493267.0,369305.0,0,569305,3.0,3.5,63,7912,7
6827,32.975,3.36100308929,15060,19064,0,2,796,99999,99999,99999,99999,99999,99999,99999,99999,372476.0,492583.0,0,572476,3.0,3.5,99999,7917,9
6828,32.925,3.4110030892900003,8793,11131,0,2,796,99999,99999,99999,99999,99999,99999,99999,99999,372476.0,492583.0,0,572476,3.0,3.5,99999,7918,9
6829,32.925,3.36100308929,8793,11131,0,2,796,99999,99999,99999,99999,99999,99999,99999,99999,372476.0,492583.0,0,572476,3.0,3.5,99999,7919,9
6852,32.225,2.71100308929,14360,16966,0,1,286,99999,99999,99999,5,99999,99999,99999,99999,0.0,0.0,0,503789,3.0,3.5,99999,7942,7
6873,32.225,2.71100308929,14360,16966,0,1,286,99999,99999,99999,5,99999,99999,99999,99999,0.0,0.0,0,504740,3.0,3.5,99999,7963,7
6889,32.025,2.71100308929,13222,15621,0,0,272,99999,99999,99999,0,99999,99999,99999,99999,0.0,0.0,0,499690,3.0,16.0,99999,7979,7
6902,32.225,2.71100308929,14360,16966,0,1,661,99999,99999,99999,0,99999,99999,99999,99999,0.0,0.0,0,502483,3.0,3.5,99999,7992,7
6913,32.275,2.71100308929,14360,16966,0,1,661,99999,99999,99999,6,99999,99999,99999,99999,0.0,0.0,0,503541,3.0,3.5,99999,8003,7
6975,32.225,2.7610030892900004,14360,16966,0,1,598,536,46,85,5,4,99999,99999,99999,0.0,0.0,0,507093,3.0,3.5,99999,8065,1
6976,32.275,2.7610030892900004,0,0,1,1,598,536,46,85,5,4,99999,99999,99999,0.0,0.0,0,507093,3.0,3.5,99999,8066,7
6977,32.275,2.81100308929,0,0,1,1,598,536,46,85,5,4,99999,99999,99999,0.0,0.0,0,507093,3.0,3.5,99999,8067,7
6991,32.225,2.71100308929,14360,16966,0,1,93,99999,99999,99999,5,99999,99999,99999,99999,0.0,0.0,0,501510,3.0,3.5,99999,8081,7
7038,32.225,2.7610030892900004,14360,16966,0,1,286,99999,99999,99999,7,99999,99999,99999,99999,0.0,0.0,0,504198,3.0,3.5,99999,8128,7
7129,32.275,2.6610030892900003,14360,16966,0,1,317,99999,99999,99999,0,99999,99999,99999,99999,0.0,0.0,0,495231,3.0,3.5,99999,8219,7
7163,32.225,2.71100308929,14360,16966,0,1,330,99999,99999,99999,0,99999,99999,99999,99999,0.0,0.0,0,495932,3.0,3.5,99999,8253,7
7171,32.275,2.6610030892900003,14360,16966,0,1,879,99999,99999,99999,5,99999,99999,99999,99999,0.0,0.0,0,496060,3.0,3.5,99999,8261,7
7232,32.275,2.6610030892900003,14360,16966,0,1,897,99999,99999,99999,7,99999,99999,99999,99999,0.0,0.0,0,499122,3.0,3.5,99999,8322,7
7236,32.275,2.71100308929,14360,16966,0,1,897,99999,99999,99999,7,99999,99999,99999,99999,0.0,0.0,0,499608,3.0,3.5,99999,8326,7
7245,32.225,2.6610030892900003,14360,16966,0,1,235,99999,99999,99999,6,99999,99999,99999,99999,0.0,0.0,0,494386,3.0,16.0,99999,8335,7
7254,32.325,2.6610030892900003,18151,21445,0,1,16,99999,99999,99999,6,99999,99999,99999,99999,0.0,0.0,0,497985,3.0,3.5,99999,8344,7
7260,32.275,2.6610030892900003,14360,16966,0,1,277,99999,99999,99999,0,99999,99999,99999,99999,0.0,0.0,0,498158,3.0,3.5,99999,8350,7
7291,32.325,2.71100308929,18151,21445,0,1,700,99999,99999,99999,5,99999,99999,99999,99999,0.0,0.0,0,501839,3.0,16.0,99999,8381,7
7324,32.275,2.71100308929,14360,16966,0,1,824,979,46,109,7,4,99999,99999,99999,0.0,0.0,0,503512,3.0,3.5,99999,8414,1
7325,32.275,2.7610030892900004,0,0,1,1,824,979,46,109,7,4,99999,99999,99999,0.0,0.0,0,503512,3.0,3.5,99999,8415,7
7326,32.325,2.7610030892900004,0,0,1,1,824,979,46,109,7,4,99999,99999,99999,0.0,0.0,0,503512,3.0,3.5,99999,8416,7
7327,32.325,2.71100308929,18151,21445,0,1,824,979,46,109,7,4,99999,99999,99999,0.0,0.0,0,503512,3.0,16.0,99999,8417,1
7332,32.275,2.71100308929,14360,16966,0,1,926,980,46,117,7,4,99999,99999,99999,0.0,0.0,0,504046,3.0,3.5,99999,8422,1
7333,32.275,2.7610030892900004,0,0,1,1,926,980,46,117,7,4,99999,99999,99999,0.0,0.0,0,504046,3.0,3.5,99999,8423,7
7334,32.325,2.7610030892900004,0,0,1,1,926,980,46,117,7,4,99999,99999,99999,0.0,0.0,0,504046,3.0,3.5,99999,8424,7
7335,32.325,2.71100308929,18151,21445,0,1,926,980,46,117,7,4,99999,99999,99999,0.0,0.0,0,504046,3.0,16.0,99999,8425,1
7382,32.325,2.7610030892900004,0,0,1,1,489,99999,99999,99999,6,99999,99999,99999,99999,0.0,0.0,0,504340,3.0,3.5,99999,8472,7
7472,32.275,2.7610030892900004,0,0,1,1,840,99999,99999,99999,0,99999,99999,99999,99999,0.0,0.0,0,506440,3.0,3.5,99999,8562,7
7477,32.275,2.7610030892900004,0,0,1,1,337,343,46,88,2,4,99999,99999,99999,0.0,0.0,0,506543,3.0,3.5,99999,8567,7
7478,32.325,2.7610030892900004,0,0,1,1,337,343,46,88,2,4,99999,99999,99999,0.0,0.0,0,506543,3.0,3.5,99999,8568,7
7479,32.275,2.81100308929,0,0,1,1,337,343,46,88,2,4,99999,99999,99999,0.0,0.0,0,506543,3.0,3.5,99999,8569,7
7512,32.325,2.71100308929,18151,21445,0,1,634,99999,99999,99999,0,99999,99999,99999,99999,0.0,0.0,0,501554,3.0,16.0,99999,8602,7
7517,32.325,2.7610030892900004,0,0,1,1,824,971,46,116,7,4,99999,99999,99999,0.0,0.0,0,503950,3.0,3.5,99999,8607,7
7518,32.325,2.71100308929,18151,21445,0,1,824,971,46,116,7,4,99999,99999,99999,0.0,0.0,0,503950,3.0,16.0,99999,8608,1
7519,32.325,2.7610030892900004,0,0,1,1,474,805,46,110,2,8,99999,99999,99999,0.0,0.0,0,504208,3.0,3.5,99999,8609,7
7520,32.375,2.7610030892900004,18151,21445,0,1,474,805,46,110,2,8,99999,99999,99999,0.0,0.0,0,504208,3.0,3.5,99999,8610,1
7521,32.325,2.71100308929,18151,21445,0,1,474,805,46,110,2,8,99999,99999,99999,0.0,0.0,0,504208,3.0,16.0,99999,8611,1
7544,32.375,2.71100308929,18151,21445,0,1,741,99999,99999,99999,6,99999,99999,99999,99999,0.0,0.0,0,504134,3.0,3.5,99999,8634,7
7559,32.475,2.71100308929,18316,21640,0,1,292,99999,99999,99999,0,99999,99999,99999,99999,0.0,0.0,0,504267,3.0,16.0,99999,8649,7
7560,32.325,2.71100308929,18151,21445,0,1,494,471,46,109,7,4,99999,99999,99999,0.0,0.0,0,494545,3.0,16.0,99999,8650,1
7561,32.325,2.6610030892900003,18151,21445,0,1,494,471,46,109,7,4,99999,99999,99999,0.0,0.0,0,494545,3.0,3.5,99999,8651,1
7562,32.375,2.6610030892900003,13388,15817,0,1,494,471,46,109,7,4,99999,99999,99999,0.0,0.0,0,494545,3.0,3.5,99999,8652,1
7584,32.375,2.6610030892900003,13388,15817,0,1,549,99999,99999,99999,0,99999,99999,99999,99999,0.0,0.0,0,495547,3.0,3.5,99999,8674,7
7594,32.375,2.71100308929,18151,21445,0,1,432,964,5,89,5,4,99999,99999,99999,0.0,0.0,0,499301,3.0,3.5,99999,8684,1
7595,32.425,2.71100308929,18316,21640,0,1,432,964,5,89,5,4,99999,99999,99999,0.0,0.0,0,499301,3.0,3.5,99999,8685,1
7596,32.425,2.6610030892900003,13388,15817,0,1,432,964,5,89,5,4,99999,99999,99999,0.0,0.0,0,499301,3.0,16.0,99999,8686,1
7605,32.375,2.61100308929,13388,15817,0,1,783,99999,99999,99999,0,99999,99999,99999,99999,0.0,0.0,0,489031,3.0,3.5,99999,8695,7
7731,32.425,2.71100308929,18316,21640,0,1,144,99999,99999,99999,0,99999,99999,99999,99999,0.0,0.0,0,498740,3.0,3.5,99999,8821,7
7733,32.475,2.6610030892900003,18316,21640,0,1,144,99999,99999,99999,0,99999,99999,99999,99999,0.0,0.0,0,498740,3.0,16.0,99999,8823,7
7734,32.425,2.71100308929,18316,21640,0,1,890,892,46,117,7,4,99999,99999,99999,0.0,0.0,0,494937,3.0,3.5,99999,8824,1
7735,32.375,2.6610030892900003,13388,15817,0,1,890,892,46,117,7,4,99999,99999,99999,0.0,0.0,0,494937,3.0,3.5,99999,8825,1
7736,32.425,2.6610030892900003,13388,15817,0,1,890,892,46,117,7,4,99999,99999,99999,0.0,0.0,0,494937,3.0,16.0,99999,8826,1
7788,32.475,2.6610030892900003,18316,21640,0,1,695,99999,99999,99999,0,99999,99999,99999,99999,0.0,0.0,0,489477,3.0,16.0,99999,8878,7
7793,32.525,2.61100308929,35043,42855,0,1,707,99999,99999,99999,8,99999,99999,99999,99999,0.0,0.0,0,489540,3.0,16.0,99999,8883,7
7795,32.525,2.6610030892900003,18316,21640,0,1,707,99999,99999,99999,8,99999,99999,99999,99999,0.0,0.0,0,489716,3.0,3.5,99999,8885,7
7802,32.475,2.61100308929,13388,15817,0,1,707,99999,99999,99999,0,99999,99999,99999,99999,0.0,0.0,0,490313,3.0,3.5,99999,8892,7
7817,32.575,2.61100308929,35043,42855,0,1,727,99999,99999,99999,4,99999,99999,99999,99999,0.0,0.0,0,491175,3.0,3.5,99999,8907,7
7837,32.575,2.6610030892900003,18316,21640,0,1,727,99999,99999,99999,0,99999,99999,99999,99999,0.0,0.0,0,491396,3.0,3.5,99999,8927,7
7924,32.775,2.61100308929,24255,28656,0,1,68,955,46,116,7,4,99999,99999,99999,0.0,0.0,0,493073,3.0,16.0,99999,9014,1
7982,32.675,2.71100308929,24255,28656,0,1,718,99999,99999,99999,0,99999,99999,99999,99999,0.0,0.0,0,497592,3.0,16.0,99999,9072,7
8019,32.775,2.71100308929,19192,25585,0,4,99999,99999,99999,99999,0,99999,99999,99999,99999,0.0,0.0,0,497128,3.0,3.5,99999,9113,1
8097,32.825,2.71100308929,19192,25585,0,4,99999,99999,99999,99999,0,99999,99999,99999,99999,0.0,0.0,0,501437,3.0,3.5,99999,9207,1
8139,32.775,2.7610030892900004,19192,25585,0,4,99999,99999,99999,99999,0,99999,99999,99999,99999,0.0,0.0,0,505008,3.0,3.5,99999,9270,1
8188,32.825,2.71100308929,19192,25585,0,4,99999,99999,99999,99999,0,99999,99999,99999,99999,0.0,0.0,0,502382,3.0,3.5,99999,9327,1
8232,32.825,2.71100308929,19192,25585,0,4,99999,99999,99999,99999,0,99999,99999,99999,99999,0.0,0.0,0,500549,3.0,3.5,99999,9371,1
8336,32.925,2.6610030892900003,14396,19191,0,4,99999,99999,99999,99999,0,99999,99999,99999,99999,0.0,0.0,0,498791,3.0,16.0,99999,9529,1
8361,32.975,2.71100308929,19192,25585,0,4,99999,99999,99999,99999,0,99999,99999,99999,99999,0.0,0.0,0,496935,3.0,16.0,99999,9557,1
8374,33.025,2.71100308929,14396,19191,0,4,99999,99999,99999,99999,0,99999,99999,99999,99999,0.0,0.0,0,498127,3.0,3.5,99999,9570,1
8487,33.275,2.7610030892900004,29814,39745,0,4,99999,99999,99999,99999,0,99999,99999,99999,99999,0.0,0.0,0,504814,3.0,3.5,99999,9712,1
8488,33.325,2.7610030892900004,29814,39745,0,4,99999,99999,99999,99999,0,99999,99999,99999,99999,0.0,0.0,0,504814,3.0,3.5,99999,9713,1
8489,33.325,2.71100308929,29814,39745,0,4,99999,99999,99999,99999,0,99999,99999,99999,99999,0.0,0.0,0,504814,3.0,16.0,99999,9714,1
8505,33.275,2.7610030892900004,29814,39745,0,4,99999,99999,99999,99999,0,99999,99999,99999,99999,0.0,0.0,0,505298,3.0,3.5,99999,9732,1
8506,33.325,2.7610030892900004,29814,39745,0,4,99999,99999,99999,99999,0,99999,99999,99999,99999,0.0,0.0,0,505298,3.0,3.5,99999,9733,1
8530,33.275,2.7610030892900004,29814,39745,0,4,99999,99999,99999,99999,0,99999,99999,99999,99999,0.0,0.0,0,501354,3.0,3.5,99999,9757,1
8566,33.325,2.7610030892900004,29814,39745,0,4,99999,99999,99999,99999,0,99999,99999,99999,99999,0.0,0.0,0,504901,3.0,3.5,99999,9800,1
8567,33.375,2.7610030892900004,18615,24815,0,4,99999,99999,99999,99999,0,99999,99999,99999,99999,0.0,0.0,0,504901,3.0,3.5,99999,9801,1
8700,33.375,2.7610030892900004,18615,24815,0,4,99999,99999,99999,99999,0,99999,99999,99999,99999,0.0,0.0,0,506139,3.0,3.5,99999,9951,1
8737,33.425,2.81100308929,18615,24815,0,4,99999,99999,99999,99999,0,99999,99999,99999,99999,0.0,0.0,0,508088,3.0,3.5,99999,9996,1
8768,33.525,2.7610030892900004,18615,24815,0,4,99999,99999,99999,99999,0,99999,99999,99999,99999,0.0,0.0,0,503026,3.0,3.5,99999,10057,1
8830,32.875,3.7610030892900004,16543,20941,0,3,391,780,49,115,0,16,48,23,0.75,487141.0,411020.0,3,611020,3.0,3.5,48,10160,7
8846,32.975,3.71100308929,16543,20941,0,3,513,99999,51,116,0,99999,99999,99999,99999,409612.0,499106.0,0,609612,3.0,16.0,99999,10176,7
8852,33.025,3.7610030892900004,16543,20941,0,3,514,99999,64,116,0,99999,99999,99999,99999,411688.0,500000.0,0,611688,3.0,3.5,99999,10182,7
8869,32.975,3.81100308929,16543,20941,0,2,488,465,79,0,0,99999,48.64,15,15,501867.0,4420294.0,0,620294,3.0,3.5,48.64,10203,7
8889,32.975,3.81100308929,16543,20941,0,3,936,1015,99999,0,0,99999,99999,99999,99999,501602.0,421123.0,0,621123,3.0,3.5,99999,10223,7
8892,33.025,3.81100308929,16543,20941,0,3,568,846,99999,0,0,99999,99999,99999,99999,501523.0,421212.0,0,621212,3.0,3.5,99999,10226,7
8895,33.025,3.81100308929,16543,20941,0,3,691,820,99999,0,0,99999,99999,99999,99999,503682.0,416568.0,0,616568,3.0,3.5,99999,10229,7
8898,33.025,3.81100308929,16543,20941,0,3,329,99999,99999,99999,0,99999,99999,99999,99999,421129.0,506516.0,0,621129,3.0,3.5,99999,10232,11
8899,33.075,3.81100308929,16543,20941,0,3,329,99999,99999,99999,0,99999,99999,99999,99999,421129.0,506516.0,0,621129,3.0,16.0,99999,10233,11
9089,32.775,3.36100308929,12858,16276,0,2,545,307,48,114,0,4,66.7,19.19,0.2,477836.0,368576.0,0,568576,3.0,3.5,66.7,10459,7
9180,32.875,3.31100308929,0,0,1,2,455,479,99999,0,0,99999,99999,99999,99999,483676.0,364662.0,0,564662,3.0,3.5,99999,10550,3
9213,32.825,3.36100308929,12858,16276,0,2,55,40,31,111,0,4,42,12,0.8,475771.0,371546.0,17,571546,3.0,3.5,42,10589,7
9242,32.925,3.31100308929,8793,11131,0,2,502,99999,99999,99999,99999,4,99999,99999,99999,366746.0,488218.0,6,566746,3.0,3.5,99999,10621,1
9255,32.925,3.31100308929,8793,11131,0,2,755,143,99999,59,0,4,99999,99999,2.55,489673.0,368195.0,0,568195,3.0,3.5,99999,10634,7
9356,32.875,3.2610030892900004,10663,13498,0,2,214,310,99999,112,0,99999,99999,99999,99999,485961.0,363190.0,0,563190,3.0,3.5,99999,10744,3
9357,32.875,3.31100308929,0,0,1,2,212,99999,79,115,0,99999,99999,99999,99999,363201.0,488376.0,0,563201,3.0,3.5,99999,10745,7
9362,32.925,3.31100308929,8793,11131,0,2,797,739,99999,0,0,99999,51,11.6,8.6,487726.0,363237.0,0,563237,3.0,3.5,51,10750,7
9417,32.875,3.31100308929,0,0,1,2,263,99999,66,112,0,99999,99999,99999,99999,363856.0,488326.0,0,563856,3.0,3.5,99999,10813,7
9467,32.925,3.31100308929,8793,11131,0,2,462,441,99999,99999,0,99999,99999,99999,99999,0.0,0.0,0,564723,3.0,3.5,99999,10877,7
9480,32.875,3.31100308929,0,0,1,2,182,390,48,112,0,4,42,13.06,0.6,3.0,33.0,0,566166,3.0,3.5,42,10910,7
9495,32.925,3.31100308929,8793,11131,0,2,764,99999,99999,99999,0,99999,99999,99999,99999,367130.0,492354.0,0,567130,3.0,3.5,99999,10928,3
9496,32.925,3.36100308929,8793,11131,0,2,764,99999,99999,99999,0,99999,99999,99999,99999,367130.0,492354.0,0,567130,3.0,3.5,99999,10929,3
9497,32.975,3.31100308929,11666,14767,0,2,764,99999,99999,99999,0,99999,99999,99999,99999,367130.0,492354.0,0,567130,3.0,3.5,99999,10930,3
9513,32.925,3.31100308929,8793,11131,0,2,575,99999,99999,99999,0,4,99999,99999,99999,360662.0,491163.0,3,560662,3.0,3.5,99999,10946,11
9514,32.875,3.2610030892900004,10663,13498,0,2,575,99999,99999,99999,0,4,99999,99999,99999,360662.0,491163.0,3,560662,3.0,3.5,99999,10947,11
9515,32.925,3.2610030892900004,10663,13498,0,2,575,99999,99999,99999,0,4,99999,99999,99999,360662.0,491163.0,3,560662,3.0,16.0,99999,10948,11
9548,32.925,3.31100308929,8793,11131,0,2,42,99999,99999,99999,0,99999,99999,99999,99999,363943.0,491559.0,0,563943,3.0,3.5,99999,10981,11
9549,32.925,3.2610030892900004,10663,13498,0,2,42,99999,99999,99999,0,99999,99999,99999,99999,363943.0,491559.0,0,563943,3.0,16.0,99999,10982,11
9563,33.025,3.31100308929,11666,14767,0,2,692,993,7,115,0,4,51,39.1,0.85,498337.0,363161.0,16,563161,3.0,3.5,51,10996,7
9566,32.975,3.31100308929,11666,14767,0,2,466,99999,31,115,0,4,99999,99999,99999,363192.0,497914.0,0,563192,3.0,3.5,99999,10999,5
9567,32.975,3.2610030892900004,11666,14767,0,2,466,99999,31,115,0,4,99999,99999,99999,363192.0,497914.0,0,563192,3.0,16.0,99999,11000,5
9604,33.325,3.31100308929,14103,17852,0,2,612,99999,67,99999,0,4,99999,99999,99999,365824.0,536722.0,0,565824,3.0,3.5,99999,11040,5
9605,33.375,3.31100308929,14103,17852,0,2,612,99999,67,99999,0,4,99999,99999,99999,365824.0,536722.0,0,565824,3.0,3.5,99999,11041,5
9606,33.325,3.2610030892900004,14103,17852,0,2,612,99999,67,99999,0,4,99999,99999,99999,365824.0,536722.0,0,565824,3.0,3.5,99999,11042,5
9664,33.375,3.31100308929,14103,17852,0,2,646,99999,99999,99999,0,4,99999,99999,99999,371053.0,540187.0,0,571053,3.0,3.5,99999,11100,11
9682,33.375,3.36100308929,14103,17852,0,2,321,236,99999,0,0,4,99999,99999,99999,540132.0,375370.0,0,575370,3.0,3.5,99999,11118,3
9688,33.375,3.36100308929,14103,17852,0,2,321,236,7,114,0,4,99999,99999,99999,540224.0,375717.0,0,575717,3.0,3.5,99999,11124,1
9689,33.325,3.4110030892900003,14103,17852,0,2,321,99999,99999,99999,0,24,99999,99999,99999,376931.0,541026.0,0,576931,3.0,16.0,99999,11125,11
9690,33.375,3.4110030892900003,14103,17852,0,2,321,99999,99999,99999,0,24,99999,99999,99999,376931.0,541026.0,0,576931,3.0,3.5,99999,11126,11
9691,33.375,3.36100308929,14103,17852,0,2,321,99999,99999,99999,0,24,99999,99999,99999,376931.0,541026.0,0,576931,3.0,3.5,99999,11127,11
9695,33.325,3.36100308929,14103,17852,0,2,725,670,79,116,0,99999,69.8,99999,1,540244.0,372019.0,0,572019,3.0,16.0,69.8,11131,7
9702,31.975,2.61100308929,12597,14883,0,0,216,99999,99999,99999,0,99999,99999,99999,99999,0.0,0.0,0,487333,3.0,3.5,99999,11138,7
9722,31.975,2.61100308929,12597,14883,0,0,283,99999,99999,99999,0,99999,99999,99999,99999,0.0,0.0,0,487467,3.0,3.5,99999,11158,7
9771,31.975,2.56100308929,12597,14883,0,0,213,99999,30,70,2,27,99999,99999,99999,0.0,0.0,0,486730,3.0,16.0,99999,11207,1
9772,31.925,2.61100308929,12597,14883,0,0,213,99999,3,111,2,1,99999,99999,99999,0.0,0.0,0,486927,3.0,3.5,99999,11208,1
9773,31.975,2.61100308929,12597,14883,0,0,213,99999,3,111,2,1,99999,99999,99999,0.0,0.0,0,486927,3.0,3.5,99999,11209,1
9774,31.925,2.56100308929,12597,14883,0,0,213,99999,3,111,2,1,99999,99999,99999,0.0,0.0,0,486927,3.0,16.0,99999,11210,1
9775,31.975,2.56100308929,12597,14883,0,0,213,99999,3,111,2,1,99999,99999,99999,0.0,0.0,0,486927,3.0,16.0,99999,11211,1
9803,32.275,2.56100308929,16720,19754,0,1,497,99999,99999,99999,8,99999,99999,99999,99999,0.0,0.0,0,485694,3.0,3.5,99999,11239,7
9811,32.275,2.61100308929,16720,19754,0,1,640,975,46,91,7,4,99999,99999,99999,0.0,0.0,0,488776,3.0,16.0,99999,11247,1
9812,32.325,2.61100308929,16720,19754,0,1,640,975,46,91,7,4,99999,99999,99999,0.0,0.0,0,488776,3.0,3.5,99999,11248,1
9833,32.375,2.56100308929,16720,19754,0,1,308,99999,99999,99999,8,99999,99999,99999,99999,0.0,0.0,0,484789,3.0,3.5,99999,11269,7
9954,32.375,2.5110030892900004,16720,19754,0,1,30,99999,99999,99999,8,99999,99999,99999,99999,0.0,0.0,0,477630,3.0,3.5,99999,11390,7
9960,32.425,2.5110030892900004,16720,19754,0,1,151,99999,99999,99999,0,99999,99999,99999,99999,0.0,0.0,0,479924,3.0,3.5,99999,11396,7
9969,32.375,2.61100308929,13388,15817,0,1,27,99999,99999,99999,0,99999,99999,99999,99999,0.0,0.0,0,487895,3.0,3.5,99999,11405,7
10045,32.925,2.6610030892900003,14396,19191,0,4,99999,99999,99999,99999,0,99999,99999,99999,99999,0.0,0.0,0,489775,3.0,16.0,99999,11493,1
10102,32.975,2.61100308929,14396,19191,0,4,99999,99999,99999,99999,0,99999,99999,99999,99999,0.0,0.0,0,488298,3.0,3.5,99999,11556,1
10111,33.025,2.61100308929,14396,19191,0,4,99999,99999,99999,99999,0,99999,99999,99999,99999,0.0,0.0,0,489858,3.0,16.0,99999,11565,1
10145,32.975,2.6610030892900003,14396,19191,0,4,99999,99999,99999,99999,0,99999,99999,99999,99999,0.0,0.0,0,493651,3.0,16.0,99999,11599,1
10181,32.825,3.2610030892900004,10663,13498,0,2,475,99999,99999,99999,0,4,99999,99999,99999,357700.0,480910.0,18,557700,3.0,3.5,99999,11637,5
10182,32.825,3.21100308929,10663,13498,0,2,475,99999,99999,99999,0,4,99999,99999,99999,357700.0,480910.0,18,557700,3.0,16.0,99999,11638,5
10183,32.825,3.2610030892900004,10663,13498,0,2,698,99999,99999,99999,0,99999,99999,99999,99999,358240.0,484563.0,0,558240,3.0,3.5,99999,11639,7
10184,32.875,3.2610030892900004,10663,13498,0,2,698,99999,99999,99999,0,99999,99999,99999,99999,358240.0,484563.0,0,558240,3.0,3.5,99999,11640,7
10185,32.825,3.21100308929,10663,13498,0,2,698,99999,99999,99999,0,99999,99999,99999,99999,358240.0,484563.0,0,558240,3.0,16.0,99999,11641,7
10186,32.875,3.21100308929,10663,13498,0,2,698,99999,99999,99999,0,99999,99999,99999,99999,358240.0,484563.0,0,558240,3.0,16.0,99999,11642,7
10213,32.925,3.2610030892900004,10663,13498,0,2,72,242,79,113,0,4,82.16,25.2,1.7,489027.0,360371.0,19,560371,3.0,16.0,82.16,11672,7
10219,32.925,3.2610030892900004,10663,13498,0,2,72,83,52,79,0,16,99999,99999,99999,488679.0,360709.0,0,560709,3.0,16.0,99999,11678,1
